{
  "mediaType": "image/jpeg",
  "name": "life2.jpg",
  "path": "/dxdam/4e/4e97cfa9-f4be-4b66-adc5-405912c33bb2/life2.jpg",
  "digest": "KBvXvSYkjdinR5K+KxkOUA==",
  "usageRights": {
    "categories": []
  },
  "assetType": "image",
  "lastModified": "2017-06-16T19:36:09.046Z",
  "description": "",
  "tags": {
    "values": [
      "classification:train",
      "classification:table",
      "classification:freight",
      "classification:furniture",
      "classification:laboratory bench",
      "classification:gray color",
      "classification:boat"
    ],
    "declined": [],
    "suggested": [
      "classification:laboratory bench",
      "classification:table",
      "classification:furniture",
      "classification:gray color"
    ],
    "analysis": "complete"
  },
  "altText": "",
  "categoryIds": [],
  "fileName": "life2.jpg",
  "creatorId": "7dae81a1-0f9a-4ca4-a8f5-811f641e6f8a",
  "rev": "7-0893f0d5a3d13fc9558b21c357e0e65a",
  "cognitive": {
    "classifications": [
      "laboratory bench",
      "table",
      "furniture",
      "gray color"
    ],
    "faces": [],
    "colors": {
      "vibrant": "#a54459",
      "muted": "#99696b",
      "darkVibrant": "#231c3c",
      "darkMuted": "#241c34",
      "lightVibrant": "#f1fcfc",
      "lightMuted": "#d1bfb8"
    },
    "status": "complete"
  },
  "id": "6f1feea2-2d8a-4d5d-a6bc-4a68704c3eaf",
  "resource": "80f5c716ad9bd2142efe417175a4c8e8",
  "fileSize": 172416,
  "status": "ready",
  "lastModifierId": "7dae81a1-0f9a-4ca4-a8f5-811f641e6f8a",
  "renditions": {
    "default": {
      "id": "r=80f5c716ad9bd2142efe417175a4c8e8&a=6f1feea2-2d8a-4d5d-a6bc-4a68704c3eaf",
      "source": "/authoring/v1/resources/80f5c716ad9bd2142efe417175a4c8e8"
    }
  },
  "metadata": {
    "width": 1200,
    "height": 750,
    "rights": "                                                                                                                                                                                                                                                               "
  },
  "classification": "asset",
  "created": "2017-06-01T19:51:48.996Z",
  "creator": "Watson ContentHubTools",
  "lastModifier": "Watson ContentHubTools",
  "categories": [],
  "links": {
    "self": {
      "href": "/authoring/v1/assets/6f1feea2-2d8a-4d5d-a6bc-4a68704c3eaf"
    },
    "media": {
      "href": "/authoring/v1/resources/80f5c716ad9bd2142efe417175a4c8e8.jpg"
    },
    "thumbnail": {
      "href": "/authoring/v1/resources/80f5c716ad9bd2142efe417175a4c8e8?fit=inside%7C220:145"
    }
  }
}