{
  "mediaType": "image/jpeg",
  "name": "life2.jpg",
  "path": "/dxdam/4e/4e97cfa9-f4be-4b66-adc5-405912c33bb2/life2.jpg",
  "digest": "KBvXvSYkjdinR5K+KxkOUA==",
  "assetType": "image",
  "lastModified": "2017-03-27T02:09:45.359Z",
  "description": "",
  "tags": {
    "values": [
      "classification:table",
      "classification:laboratory bench",
      "classification:train",
      "classification:boat",
      "classification:furniture",
      "classification:gray color",
      "classification:freight"
    ],
    "declined": [],
    "analysis": "complete",
    "suggested": [
      "classification:laboratory bench",
      "classification:table",
      "classification:furniture",
      "classification:gray color"
    ]
  },
  "altText": "",
  "categoryIds": [],
  "fileName": "life2.jpg",
  "creatorId": "75969307-347d-4b20-a8e9-a95f7c42ef70",
  "rev": "2-05f9c9976764c1e2df85c9ca424be2a6",
  "cognitive": {
    "classifications": [
      "laboratory bench",
      "table",
      "furniture",
      "gray color"
    ],
    "faces": [],
    "status": "complete"
  },
  "id": "6f1feea2-2d8a-4d5d-a6bc-4a68704c3eaf",
  "resource": "80f5c716ad9bd2142efe417175a4c8e8",
  "fileSize": 172416,
  "lastModifierId": "75969307-347d-4b20-a8e9-a95f7c42ef70",
  "renditions": {
    "default": {
      "id": "f40eb206-a8a9-4484-8258-c6a03b2053b3",
      "source": "/authoring/v1/resources/80f5c716ad9bd2142efe417175a4c8e8"
    }
  },
  "metadata": {
    "width": 1200,
    "height": 750,
    "rights": "                                                                                                                                                                                                                                                               "
  },
  "classification": "asset",
  "created": "2017-03-27T02:09:45.359Z"
}