{
  "mediaType": "image/jpeg",
  "name": "life2.jpg",
  "path": "/dxdam/4e/4e97cfa9-f4be-4b66-adc5-405912c33bb2/life2.jpg",
  "digest": "KBvXvSYkjdinR5K+KxkOUA==",
  "assetType": "image",
  "lastModified": "2016-12-08T19:26:32.364Z",
  "description": "",
  "tags": {
    "values": [
      "classification:boat",
      "classification:train",
      "classification:freight"
    ],
    "declined": [],
    "analysis": "complete",
    "suggested": [
      "classification:boat",
      "classification:train",
      "classification:freight"
    ]
  },
  "categoryIds": [],
  "fileName": "life2.jpg",
  "creatorId": "f90132cb-afee-4c81-bb89-68ee29341f73",
  "rev": "3-5dea3cf60cb1c1672010a5a0f8e92efb",
  "id": "6f1feea2-2d8a-4d5d-a6bc-4a68704c3eaf",
  "resource": "80f5c716ad9bd2142efe417175a4c8e8",
  "fileSize": 172416,
  "lastModifierId": "f90132cb-afee-4c81-bb89-68ee29341f73",
  "renditions": {
    "default": {
      "id": "f40eb206-a8a9-4484-8258-c6a03b2053b3",
      "source": "/authoring/v1/resources/80f5c716ad9bd2142efe417175a4c8e8"
    }
  },
  "classification": "asset",
  "created": "2016-12-08T15:22:36.409Z"
}