{
  "id": "00dbbae1-d324-4ca5-9394-a38777b30824",
  "rev": "3-49adf141f860d800f3872978b8f00c8d",
  "name": "Where You Can Find Fine Dining at a Fast Food Price",
  "description": "",
  "classification": "content",
  "typeId": "24490027-e55b-4739-a5a9-5c091c5d4a72",
  "locale": "en",
  "lastModified": "2017-03-27T02:14:57.725Z",
  "lastModifierId": "75969307-347d-4b20-a8e9-a95f7c42ef70",
  "created": "2017-03-27T02:09:53.720Z",
  "creatorId": "75969307-347d-4b20-a8e9-a95f7c42ef70",
  "tags": [],
  "status": "ready",
  "elements": {
    "image": {
      "elementType": "image",
      "renditions": {
        "default": {
          "renditionId": "f40eb206-a8a9-4484-8258-c6a03b2053b3",
          "source": "/authoring/v1/resources/80f5c716ad9bd2142efe417175a4c8e8"
        },
        "thumbnail": {
          "renditionId": "c0c67603-ad1d-4726-815e-c8bcdf487229",
          "source": "/authoring/v1/resources/80f5c716ad9bd2142efe417175a4c8e8?resize=0.6666666666666666xw:0.6666666666666666xh&crop=800:500;0,0"
        }
      },
      "asset": {
        "id": "6f1feea2-2d8a-4d5d-a6bc-4a68704c3eaf",
        "resourceUri": "/authoring/v1/resources/80f5c716ad9bd2142efe417175a4c8e8",
        "fileName": "life2.jpg",
        "fileSize": 172416,
        "mediaType": "image/jpeg"
      }
    },
    "category": {
      "elementType": "category",
      "categoryIds": [
        "911cf1415a408d9655659d01d34d04a1"
      ]
    },
    "author": {
      "elementType": "text",
      "value": "Sarah"
    },
    "title": {
      "elementType": "text",
      "value": "Where You Can Find Fine Dining at a Fast Food Price"
    },
    "body": {
      "elementType": "text",
      "value": "Quisque elementum rutrum sollicitudin. Cras elementum accumsan ex, eu efficitur nisi egestas quis. Aenean id felis eleifend, volutpat velit eget, blandit orci. Ut porta risus nec aliquam convallis. Fusce ut felis at diam rhoncus gravida. Integer quis enim suscipit, convallis enim vitae, tincidunt elit. Cras eget est ac dui lobortis pulvinar at vel orci. Ut pretium risus ligula. Proin quis finibus enim, eu posuere quam.\n\nNulla id ex interdum, laoreet odio vitae, aliquam lorem. Vestibulum in augue placerat, ultrices risus et, scelerisque augue. Donec luctus lacus eget tellus varius ullamcorper. Aliquam vel lectus sit amet neque scelerisque laoreet vitae eget diam. Etiam luctus risus in quam pharetra dictum. Mauris sodales dui a ullamcorper venenatis. Pellentesque luctus, arcu quis posuere viverra, elit lacus scelerisque elit, at rhoncus sapien tellus ac nisl. Integer eu tincidunt tellus.\n\nDonec a varius tellus, volutpat semper tortor. Fusce tincidunt ullamcorper mollis. Duis sit amet porta risus. Pellentesque malesuada nibh non elit elementum semper. Praesent pulvinar elementum interdum. Nullam id accumsan arcu, id pretium mauris. Fusce a nunc at quam euismod pulvinar. Vestibulum vel augue at ex lobortis ultricies id scelerisque nunc. Aliquam erat volutpat. Nulla purus erat, interdum sit amet augue ac, dapibus efficitur sem. Donec rhoncus volutpat eros, porta hendrerit nisl placerat et. Maecenas rutrum mi massa, et dapibus odio lacinia eu. Sed vel dignissim urna."
    },
    "summary": {
      "elementType": "text",
      "value": "Getting a luxurious and tasty meal doesn't have to cost you your retirement savings.  Find out where to get amazing foie gras by using the change from your cushions."
    },
    "publishDate": {
      "elementType": "datetime",
      "value": "2016-12-04T05:00:00Z"
    }
  }
}