{
  "id": "28cc4309-0e14-4f36-8ddc-51d148d72113",
  "rev": "12-44ead05fcba33c24c1cc078d0206223d",
  "name": "Rock on With the Summer Concert Line up Review",
  "description": "",
  "classification": "content",
  "typeId": "24490027-e55b-4739-a5a9-5c091c5d4a72",
  "lastModified": "2016-12-09T17:20:30.976Z",
  "lastModifierId": "f90132cb-afee-4c81-bb89-68ee29341f73",
  "created": "2016-12-07T17:53:07.706Z",
  "creatorId": "f90132cb-afee-4c81-bb89-68ee29341f73",
  "tags": [],
  "status": "draft",
  "elements": {
    "summary": {
      "elementType": "text",
      "value": "Our rock captain has been on a summer swing and ready to deliver you the tips on where to catch the best tunes."
    },
    "image": {
      "elementType": "image",
      "renditions": {
        "default": {
          "renditionId": "fc78fda1-d3d8-4a74-a99c-18fb46a108a6",
          "source": "/authoring/v1/resources/0378b11f8031e48b7b5fe08b439c926b"
        },
        "thumbnail": {
          "renditionId": "b1a2a32f-fb41-4be7-a946-0a86b35721ee",
          "source": "/authoring/v1/resources/0378b11f8031e48b7b5fe08b439c926b?resize=0.6666666666666666xw:0.6666666666666666xh&crop=800:500;0,0"
        }
      },
      "asset": {
        "id": "0b94e1e5-f145-4d8d-92e0-6f51565204e2",
        "resourceUri": "/authoring/v1/resources/0378b11f8031e48b7b5fe08b439c926b",
        "fileName": "life1.jpg",
        "fileSize": 118360,
        "mediaType": "image/jpeg"
      }
    },
    "category": {
      "elementType": "category",
      "categoryIds": [
        "911cf1415a408d9655659d01d34d04a1"
      ]
    },
    "body": {
      "elementType": "text",
      "value": "Pellentesque consectetur eros a dolor facilisis, a semper velit molestie. Curabitur aliquet elit at dictum interdum. Integer elit sem, vestibulum cursus velit id, bibendum eleifend ipsum. Suspendisse aliquet ex eu arcu mattis, vestibulum efficitur orci maximus. Donec interdum leo non justo semper maximus. Quisque nec felis nec nulla dignissim laoreet. In hac habitasse platea dictumst. Quisque lorem quam, consequat vel justo in, ornare aliquet nisl. Praesent et blandit sapien, dictum finibus ligula.\n\nSed vel libero ultrices, ultricies turpis in, viverra mi. Donec bibendum elit dolor. Pellentesque habitant morbi tristique senectus et netus et malesuada fames ac turpis egestas. Fusce at velit sapien. Praesent et finibus risus, at porta leo. Sed at lacus ut odio accumsan volutpat vitae ut est. Phasellus ligula elit, facilisis sed efficitur vel, porttitor a neque. In ut blandit ex. In vel elementum mi. Nunc dignissim diam non ex interdum, id convallis est pharetra. Nulla facilisi. Vivamus eu lobortis arcu, id rhoncus purus. Donec vestibulum ligula nec neque sollicitudin eleifend. Ut fermentum iaculis scelerisque. Quisque nibh nulla, ornare quis egestas sit amet, consequat et odio.\n\nPraesent euismod dui sed lectus gravida ornare a in ligula. Mauris fringilla magna vitae pulvinar molestie. Maecenas fringilla augue vitae massa ornare, nec venenatis tellus porttitor. Donec ultrices tristique volutpat. Nam faucibus viverra libero, eu gravida enim feugiat ut. Ut tellus magna, dignissim et sapien at, molestie tempus est. Pellentesque habitant morbi tristique senectus et netus et malesuada fames ac turpis egestas. Cras dolor orci, molestie et interdum eu, scelerisque in sapien. Proin dapibus nunc nulla, eu pretium purus mollis ut. Donec molestie mi accumsan, placerat justo ac, aliquam arcu. Nullam accumsan massa non urna pharetra imperdiet. Integer auctor gravida dui eu dignissim. Aenean at erat libero."
    },
    "author": {
      "elementType": "text",
      "value": "Levi"
    },
    "publishDate": {
      "elementType": "datetime",
      "value": "2016-12-07T05:00:00Z"
    },
    "title": {
      "elementType": "text",
      "value": "Rock on With the Summer Concert Line up Review"
    }
  }
}