{
  "id": "349b9726-22da-457a-9771-3a569acedc74",
  "rev": "3-54ba737b189bbc55bb0f24342060637c",
  "name": "Ten Tips for Getting the Most Storage out of Your Bags",
  "description": "",
  "classification": "content",
  "typeId": "24490027-e55b-4739-a5a9-5c091c5d4a72",
  "locale": "en",
  "lastModified": "2017-03-27T02:15:38.187Z",
  "lastModifierId": "75969307-347d-4b20-a8e9-a95f7c42ef70",
  "created": "2017-03-27T02:09:53.650Z",
  "creatorId": "75969307-347d-4b20-a8e9-a95f7c42ef70",
  "tags": [],
  "status": "ready",
  "elements": {
    "publishDate": {
      "elementType": "datetime",
      "value": "2016-12-02T05:00:00Z"
    },
    "summary": {
      "elementType": "text",
      "value": "We'll leave you with lots more space in your bags and will prevent you from having to stuff your pockets.  If you want to organize your packing then get started right here."
    },
    "body": {
      "elementType": "text",
      "value": "Praesent dictum semper elementum. Sed vestibulum massa eget risus rutrum, eget ultricies justo maximus. Proin semper bibendum ligula a eleifend. Nam mollis magna enim, eget ultrices elit pretium vel. Suspendisse potenti. Nullam ut nibh et elit viverra malesuada. Vivamus lobortis efficitur sollicitudin. Morbi mattis porta risus, a fermentum ex dignissim id. In mattis sit amet diam sit amet volutpat. Pellentesque egestas congue cursus. Proin lobortis, dolor in mattis iaculis, nibh nibh bibendum mi, commodo tempus sem ante a lectus. Aliquam at facilisis risus. Fusce finibus nec mi vel consectetur. Etiam eget dolor laoreet, suscipit nisl vel, ultrices arcu. Cras nec vehicula urna. Duis sit amet aliquam leo.\n\nPellentesque a metus lobortis, euismod ligula in, cursus dui. Mauris posuere arcu quis risus consequat, ac pharetra nibh placerat. Morbi molestie risus eget dignissim congue. Suspendisse vulputate eleifend purus, in sagittis lectus feugiat non. Nam euismod lacus vitae magna auctor scelerisque. Mauris tincidunt sit amet ipsum sit amet dictum. Vestibulum ante ipsum primis in faucibus orci luctus et ultrices posuere cubilia Curae; Praesent eget eros venenatis, blandit purus vitae, convallis dui. Morbi pulvinar orci nisi, at laoreet tortor dapibus eu. Morbi magna magna, feugiat id commodo vitae, viverra eu augue. Nullam id ante suscipit, aliquet nisl sed, venenatis odio. Morbi justo nulla, tempus vel placerat quis, condimentum eu urna. Nam eu nibh at magna laoreet viverra eget vel eros. Proin accumsan dapibus viverra. Nulla in sodales nisi.\n\nVestibulum bibendum ligula sit amet ante aliquam dignissim. Duis euismod rhoncus lacus, vulputate consectetur tortor vestibulum et. Fusce venenatis mi in justo tincidunt mollis. Nam sed cursus nulla. Suspendisse consequat gravida tempus. Sed ut arcu vel felis elementum porttitor lobortis at orci. Vestibulum posuere gravida mauris vitae lacinia. Aliquam suscipit lacinia nibh, vitae convallis elit finibus eget. Praesent sodales, massa volutpat tincidunt commodo, nisl sapien imperdiet arcu, ut tempor erat massa viverra purus. Nulla facilisi."
    },
    "image": {
      "elementType": "image",
      "renditions": {
        "default": {
          "renditionId": "4691acb9-e0a9-4b8e-9327-92edd83b8667",
          "source": "/authoring/v1/resources/7e77289913726152d98ccfbeae98e330"
        },
        "thumbnail": {
          "renditionId": "72871134-4266-407b-918f-25cbdd3d5cc8",
          "source": "/authoring/v1/resources/7e77289913726152d98ccfbeae98e330?resize=0.6666666666666666xw:0.6666666666666666xh&crop=800:500;0,0"
        }
      },
      "asset": {
        "id": "3c4bdf5d-aabe-443a-9211-1c428f536244",
        "resourceUri": "/authoring/v1/resources/7e77289913726152d98ccfbeae98e330",
        "fileName": "fashion4.jpg",
        "fileSize": 140933,
        "mediaType": "image/jpeg"
      }
    },
    "author": {
      "elementType": "text",
      "value": "Patty"
    },
    "category": {
      "elementType": "category",
      "categoryIds": [
        "cdc34133c379246560113fa85e69b1aa"
      ]
    },
    "title": {
      "elementType": "text",
      "value": "Ten Tips for Getting the Most Storage out of Your Bags"
    }
  }
}