{
  "id": "575e5c3c-2c25-4f87-a615-949955507ebd",
  "rev": "12-ec91c39ee2bb33d6a1766c22c25330fb",
  "name": "The Latest VR Headsets Will Take You on an Incredible Ride",
  "description": "",
  "classification": "content",
  "typeId": "24490027-e55b-4739-a5a9-5c091c5d4a72",
  "lastModified": "2016-12-09T17:21:04.197Z",
  "lastModifierId": "f90132cb-afee-4c81-bb89-68ee29341f73",
  "created": "2016-12-07T17:58:44.774Z",
  "creatorId": "f90132cb-afee-4c81-bb89-68ee29341f73",
  "tags": [],
  "status": "draft",
  "elements": {
    "publishDate": {
      "elementType": "datetime",
      "value": "2016-11-28T05:00:00Z"
    },
    "image": {
      "elementType": "image",
      "renditions": {
        "default": {
          "renditionId": "18d00db1-596f-4dbb-91d3-f12373dbed44",
          "source": "/authoring/v1/resources/80f5c716ad9bd2142efe417175a46b0e"
        },
        "thumbnail": {
          "renditionId": "3d57d784-2941-4a5f-a6b0-6b4f2b17169b",
          "source": "/authoring/v1/resources/80f5c716ad9bd2142efe417175a46b0e?resize=0.6666666666666666xw:0.6666666666666666xh&crop=800:500;0,0"
        }
      },
      "asset": {
        "id": "1afa57ef-e36e-4ee3-af74-1932282b76b9",
        "resourceUri": "/authoring/v1/resources/80f5c716ad9bd2142efe417175a46b0e",
        "fileName": "tech2.jpg",
        "fileSize": 145364,
        "mediaType": "image/jpeg"
      }
    },
    "summary": {
      "elementType": "text",
      "value": "Learn about how the new batch of headsets that will let you move around in virtual surroundings and give you experiences that are unforgettable."
    },
    "category": {
      "elementType": "category",
      "categoryIds": [
        "ea8ba30b49d21dc79d559b73fd77b8c1"
      ]
    },
    "body": {
      "elementType": "text",
      "value": "Vestibulum eleifend iaculis euismod. Maecenas rhoncus dictum mi, ut mattis lorem rhoncus non. Lorem ipsum dolor sit amet, consectetur adipiscing elit. Morbi lacinia, diam non bibendum mattis, turpis sem tempus metus, et vehicula ipsum justo id mi. Nunc tincidunt vel eros a malesuada. Duis sed felis purus. Vestibulum nec elementum eros. Suspendisse et maximus magna. Ut nec risus eu ex commodo pretium et in leo. Etiam id sem a sem tristique efficitur. Pellentesque habitant morbi tristique senectus et netus et malesuada fames ac turpis egestas. Quisque sodales tincidunt sapien, quis varius lacus finibus interdum. Fusce efficitur nulla purus, eget sodales massa venenatis in. Vivamus rutrum neque dolor, sit amet dignissim elit aliquet sollicitudin. Integer eu diam ut sem pharetra malesuada. Donec sollicitudin convallis orci sit amet cursus.\n\nCurabitur gravida accumsan faucibus. Sed volutpat aliquam nisi, sit amet venenatis neque ultrices sit amet. Mauris scelerisque mattis quam, id bibendum est euismod sit amet. Ut accumsan nisl at purus vestibulum, at finibus est finibus. Class aptent taciti sociosqu ad litora torquent per conubia nostra, per inceptos himenaeos. Pellentesque habitant morbi tristique senectus et netus et malesuada fames ac turpis egestas. Nulla hendrerit a eros ut posuere. Duis varius lorem in nisl bibendum lacinia. Curabitur mauris velit, varius quis mauris ut, consequat cursus velit. Praesent cursus hendrerit ullamcorper. Praesent orci erat, congue non leo sed, ullamcorper convallis dolor. Nam vehicula tellus ex, at egestas velit sagittis at. Proin pharetra, leo quis porttitor laoreet, orci libero eleifend lacus, ac accumsan quam neque id leo. Vivamus consequat fringilla nibh, id malesuada elit pellentesque quis. Nunc varius, nulla quis pulvinar semper, orci est maximus sem, eu feugiat erat neque congue nisl. Nam eu enim dolor.\n\nVestibulum vitae malesuada purus, eget vulputate massa. Pellentesque at purus facilisis, sollicitudin lorem vitae, pulvinar dui. Cras id consequat augue. Vivamus tortor eros, vehicula et commodo nec, lobortis ut sapien. Sed pellentesque dolor odio, at fermentum odio rhoncus eu. Mauris rhoncus arcu a elit imperdiet, convallis laoreet diam blandit. Mauris commodo metus vel nunc pellentesque, a placerat urna elementum. Sed blandit facilisis massa. Mauris hendrerit lacinia tellus, nec blandit leo eleifend id."
    },
    "author": {
      "elementType": "text",
      "value": "Ann"
    },
    "title": {
      "elementType": "text",
      "value": "The Latest VR Headsets Will Take You on an Incredible Ride"
    }
  }
}