{
  "id": "669317fe-3519-468f-ab79-ac5c2289c2ca",
  "rev": "12-3535e5db71b4748ef72db67bb7f206b8",
  "name": "Amazing Accessories to Perk You up for Spring Time",
  "description": "",
  "classification": "content",
  "typeId": "24490027-e55b-4739-a5a9-5c091c5d4a72",
  "lastModified": "2016-12-09T17:21:52.911Z",
  "lastModifierId": "f90132cb-afee-4c81-bb89-68ee29341f73",
  "created": "2016-12-07T17:49:17.126Z",
  "creatorId": "f90132cb-afee-4c81-bb89-68ee29341f73",
  "tags": [],
  "status": "draft",
  "elements": {
    "title": {
      "elementType": "text",
      "value": "Amazing Accessories to Perk You up for Spring Time"
    },
    "publishDate": {
      "elementType": "datetime",
      "value": "2016-11-28T05:00:00Z"
    },
    "summary": {
      "elementType": "text",
      "value": "With spring arriving soon, now is a good time to give yourself a little wake-up call.  Look at all the colorful vintage-style rings that have popped onto the scene."
    },
    "category": {
      "elementType": "category",
      "categoryIds": [
        "cdc34133c379246560113fa85e69b1aa"
      ]
    },
    "author": {
      "elementType": "text",
      "value": "Ian"
    },
    "image": {
      "elementType": "image",
      "renditions": {
        "default": {
          "renditionId": "2baac36c-e916-42c5-a30e-dc9fa949254c",
          "source": "/authoring/v1/resources/06763fa56ceec4d5bcafb37b53dd8521"
        },
        "thumbnail": {
          "renditionId": "74e1b293-6228-477f-905c-a86e9285aa8e",
          "source": "/authoring/v1/resources/06763fa56ceec4d5bcafb37b53dd8521?resize=0.6666666666666666xw:0.6666666666666666xh&crop=800:500;0,0"
        }
      },
      "asset": {
        "id": "de21de9d-d413-4702-85a9-abe65d6aa108",
        "resourceUri": "/authoring/v1/resources/06763fa56ceec4d5bcafb37b53dd8521",
        "fileName": "fashion2.jpg",
        "fileSize": 118995,
        "mediaType": "image/jpeg"
      }
    },
    "body": {
      "elementType": "text",
      "value": "Nam eget tortor et sem iaculis pulvinar a sed magna. Nulla fermentum tortor id libero volutpat sagittis. Nulla facilisi. Cum sociis natoque penatibus et magnis dis parturient montes, nascetur ridiculus mus. Nunc aliquet odio ex, sed gravida lacus condimentum eu. Suspendisse potenti. Mauris non vulputate lectus, ac imperdiet felis. Donec nec ultrices nulla. Vivamus a consequat turpis, sit amet feugiat metus. In efficitur eget sem eu ullamcorper. Nunc laoreet hendrerit tortor ac ornare. Mauris volutpat pharetra ipsum imperdiet feugiat.\n\nAliquam feugiat auctor lectus, eget vehicula dui faucibus accumsan. Suspendisse turpis mi, porta id nisi ut, volutpat finibus erat. Aliquam tempus magna ut rutrum consectetur. Quisque rutrum, ex at gravida viverra, mi est euismod velit, ut pretium quam nisl sed turpis. Vivamus mattis tellus non ex lobortis vulputate. Suspendisse suscipit imperdiet ultrices. Sed tincidunt hendrerit sem et congue. Quisque a est nec leo sodales convallis. Maecenas eget aliquam neque, eu ultrices tellus. Proin a sagittis ligula, vitae lacinia justo. Praesent in pharetra nibh, et faucibus tellus. Phasellus et arcu ut nulla mollis bibendum. Pellentesque pharetra lorem ut lobortis vehicula. Aenean ante nisi, ultricies et scelerisque in, ultricies ut diam.\n\nDonec scelerisque, massa id congue malesuada, justo velit finibus lorem, sed feugiat leo augue vulputate mauris. Integer placerat neque sit amet lorem fermentum fermentum. Vivamus rhoncus iaculis lorem volutpat ullamcorper. Nulla tempor volutpat leo, eu efficitur dolor. Aenean rhoncus molestie urna id hendrerit. Nam eu pulvinar lectus. Vivamus vitae ornare felis, nec maximus diam. Aliquam vel pellentesque sem. Nulla pulvinar lectus ac diam porttitor, vitae vulputate ligula aliquet. Duis pharetra ante sed odio molestie, nec condimentum eros volutpat. Quisque sit amet lectus vestibulum, vestibulum tortor sed, sollicitudin ex. Vestibulum scelerisque viverra nisl eu fermentum. Proin sit amet elit consectetur, placerat leo ullamcorper, porta dolor."
    }
  }
}