{
  "id": "9bdbd1c2-c677-4526-b473-3ebdbfd142d4",
  "rev": "10-dc0d36e5c6b7e029674e2f5fe35e5e66",
  "name": "It Is Time to Ask IBM Watson What Twitter Is Telling You",
  "description": "",
  "classification": "content",
  "typeId": "24490027-e55b-4739-a5a9-5c091c5d4a72",
  "lastModified": "2016-12-09T17:22:06.142Z",
  "lastModifierId": "f90132cb-afee-4c81-bb89-68ee29341f73",
  "created": "2016-12-07T17:57:55.723Z",
  "creatorId": "f90132cb-afee-4c81-bb89-68ee29341f73",
  "tags": [],
  "status": "draft",
  "elements": {
    "image": {
      "elementType": "image",
      "renditions": {
        "default": {
          "renditionId": "6e0fe97c-4763-4e66-bda4-04d26abbd566",
          "source": "/authoring/v1/resources/7e77289913726152d98ccfbeae985e30"
        },
        "thumbnail": {
          "renditionId": "adbbb6c8-d9a7-48b9-bfb6-7c26c274649b",
          "source": "/authoring/v1/resources/7e77289913726152d98ccfbeae985e30?resize=0.6666666666666666xw:0.6666666666666666xh&crop=800:500;0,0"
        }
      },
      "asset": {
        "id": "7d3a7c74-e925-4a2a-b1d4-216729ecd96f",
        "resourceUri": "/authoring/v1/resources/7e77289913726152d98ccfbeae985e30",
        "fileName": "tech1.jpg",
        "fileSize": 115943,
        "mediaType": "image/jpeg"
      }
    },
    "body": {
      "elementType": "text",
      "value": "Sed vitae maximus turpis. Nullam arcu tortor, iaculis sit amet volutpat non, pharetra vitae magna. Mauris quam diam, porttitor in dui et, facilisis scelerisque nisi. Phasellus rhoncus risus lacus, euismod laoreet justo commodo sit amet. Phasellus non congue diam. Suspendisse lobortis nibh in turpis scelerisque gravida. Cras non blandit libero. Vestibulum eu neque vitae turpis rhoncus iaculis vel vitae odio. Proin consequat euismod consectetur. Morbi eget tincidunt sem.\n\nVivamus et dignissim ipsum, id eleifend erat. Maecenas id molestie lectus, vel ullamcorper elit. Quisque suscipit nisi elit, sed dapibus lectus ullamcorper at. Curabitur in sapien cursus, aliquet nunc in, elementum mi. Curabitur feugiat pulvinar leo, id placerat metus ultricies id. Pellentesque non hendrerit est, a ullamcorper ipsum. Cras eget nulla suscipit, aliquam ligula sit amet, venenatis tortor. Pellentesque ac tincidunt diam. Pellentesque ultrices enim vel dapibus pulvinar. Nunc eget tempus urna. Donec maximus luctus lacus ac consequat. Vivamus erat neque, pulvinar et purus sit amet, pellentesque ultricies neque.\n\nDonec est odio, dapibus eget auctor et, vestibulum at eros. Donec sapien felis, dignissim eget finibus ac, euismod ac tortor. Quisque ligula leo, posuere lacinia pulvinar a, iaculis consectetur nisi. Phasellus ac feugiat nunc, sed ultricies sem. Aliquam id lacus nisl. Nullam non risus diam. Ut accumsan sem congue facilisis fringilla. Sed vestibulum nunc quis ipsum tristique, eget hendrerit libero consequat."
    },
    "publishDate": {
      "elementType": "datetime",
      "value": "2016-12-05T05:00:00Z"
    },
    "category": {
      "elementType": "category",
      "categoryIds": [
        "ea8ba30b49d21dc79d559b73fd77b8c1"
      ]
    },
    "title": {
      "elementType": "text",
      "value": "It Is Time to Ask IBM Watson What Twitter Is Telling You"
    },
    "author": {
      "elementType": "text",
      "value": "Thomas"
    },
    "summary": {
      "elementType": "text",
      "value": "IBM has partnered with Twitter analyze your tweets and figure out the true patterns and relationships you are building on the social platform."
    }
  }
}