{
  "id": "ae1b4def-ca20-40e3-90c0-e06571b7316f",
  "rev": "5-d8cc7604a36d1c31984be22d2c27839d",
  "name": "Why Getting Your Child a Pet Will Be the Best Decision You Make",
  "description": "",
  "classification": "content",
  "typeId": "24490027-e55b-4739-a5a9-5c091c5d4a72",
  "locale": "en",
  "lastModified": "2017-06-16T19:36:31Z",
  "lastModifierId": "7dae81a1-0f9a-4ca4-a8f5-811f641e6f8a",
  "created": "2017-06-01T19:52:22.045Z",
  "creatorId": "7dae81a1-0f9a-4ca4-a8f5-811f641e6f8a",
  "tags": [
    "user:sample",
    "user:IBM sample"
  ],
  "status": "ready",
  "elements": {
    "body": {
      "elementType": "text",
      "value": "Curabitur in velit nisl. Sed consectetur elementum laoreet. Duis scelerisque consectetur est, vel iaculis mi iaculis a. Donec at metus nisl. Nullam pretium luctus congue. Donec tristique ac mi et efficitur. Fusce faucibus, tortor et cursus dapibus, sem lacus posuere urna, a aliquam nunc diam lobortis risus. Phasellus vel ornare urna. In vitae mattis odio.\n\nAliquam ultricies pellentesque massa, ac pretium mi varius sit amet. Vivamus magna eros, placerat sed elit at, viverra feugiat quam. Praesent ornare felis at accumsan venenatis. Ut vel justo vel arcu congue volutpat. Sed posuere fermentum metus sit amet porttitor. Maecenas rutrum diam vitae lobortis lacinia. Nullam pellentesque varius facilisis. Suspendisse at suscipit ligula. Integer feugiat sagittis libero, at molestie metus elementum ac. Nunc ornare dolor a nisi vehicula posuere. Integer gravida pretium enim non laoreet. Ut facilisis euismod pellentesque. Cras consequat magna ut ornare accumsan. Fusce feugiat imperdiet tellus non consequat. Aenean molestie, turpis eget egestas laoreet, nulla elit sollicitudin urna, vitae interdum justo est vitae mi.\n\nAliquam vel enim varius, tempus nisi sit amet, ornare nibh. Aliquam faucibus id erat eu vehicula. Cum sociis natoque penatibus et magnis dis parturient montes, nascetur ridiculus mus. Phasellus fermentum nec lectus sit amet blandit. In lacinia pulvinar tincidunt. Nunc sollicitudin tellus eu ultricies bibendum. Vestibulum vitae elit ut orci convallis suscipit ac pharetra felis. Proin sit amet dui tempus, suscipit mi vel, congue enim. Donec congue elit dolor, sit amet lobortis leo efficitur in. In vitae ullamcorper quam. Integer porta sem ligula, in bibendum ligula fringilla ac. Integer pellentesque sollicitudin massa, in iaculis metus volutpat at. Morbi euismod felis ut tempor lacinia."
    },
    "image": {
      "elementType": "image",
      "renditions": {
        "default": {
          "renditionId": "ff593179-44b4-497e-ab6c-9f4865c2ac81",
          "source": "/authoring/v1/resources/80f5c716ad9bd2142efe417175a49e84"
        },
        "thumbnail": {
          "renditionId": "7a8950f2-5cef-4298-9356-e5c3c05607f5",
          "source": "/authoring/v1/resources/80f5c716ad9bd2142efe417175a49e84?resize=800px:500px&crop=800:500;0,0"
        }
      },
      "asset": {
        "id": "fce2f60c-7de3-4cce-bc98-42276eedda98",
        "resourceUri": "/authoring/v1/resources/80f5c716ad9bd2142efe417175a49e84",
        "fileName": "life4.jpg",
        "fileSize": 166901,
        "mediaType": "image/jpeg"
      }
    },
    "category": {
      "elementType": "category",
      "categoryIds": [
        "911cf1415a408d9655659d01d34d04a1"
      ],
      "categories": [
        "Sample Article/Lifestyle"
      ]
    },
    "title": {
      "elementType": "text",
      "value": "Why Getting Your Child a Pet Will Be the Best Decision You Make"
    },
    "summary": {
      "elementType": "text",
      "value": "Getting a pet is an experience for the whole family, but truly special for your children.  Pets will become an unforgettable piece of your kids life and we'll tell you why."
    },
    "author": {
      "elementType": "text",
      "value": "Kristy"
    }
  },
  "type": "Sample Article",
  "creator": "Watson ContentHubTools",
  "lastModifier": "Watson ContentHubTools"
}