{
  "id": "b1afef48-0ebe-47d7-b7d0-7c6c2873c8b6",
  "rev": "5-1bfef6b3b588baa6c783cf265c0b310a",
  "name": "Get to Know the New Modern Hat for Casual Wear",
  "description": "",
  "classification": "content",
  "typeId": "24490027-e55b-4739-a5a9-5c091c5d4a72",
  "locale": "en",
  "lastModified": "2017-06-16T19:36:30.853Z",
  "lastModifierId": "7dae81a1-0f9a-4ca4-a8f5-811f641e6f8a",
  "created": "2017-06-01T19:52:22.235Z",
  "creatorId": "7dae81a1-0f9a-4ca4-a8f5-811f641e6f8a",
  "tags": [
    "user:sample",
    "user:IBM sample"
  ],
  "status": "ready",
  "elements": {
    "category": {
      "elementType": "category",
      "categoryIds": [
        "cdc34133c379246560113fa85e69b1aa"
      ],
      "categories": [
        "Sample Article/Fashion"
      ]
    },
    "image": {
      "elementType": "image",
      "renditions": {
        "default": {
          "renditionId": "9dbecb45-5848-456a-9ffe-ff67196790d3",
          "source": "/authoring/v1/resources/0378b11f8031e48b7b5fe08b439ca98f"
        },
        "thumbnail": {
          "renditionId": "93e288ec-c55a-4531-873f-17648560574f",
          "source": "/authoring/v1/resources/0378b11f8031e48b7b5fe08b439ca98f?resize=800px:500px&crop=800:500;0,0"
        }
      },
      "asset": {
        "id": "0705626f-7130-4c7b-b454-ceb3e06ce23b",
        "resourceUri": "/authoring/v1/resources/0378b11f8031e48b7b5fe08b439ca98f",
        "fileName": "fashion3.jpg",
        "fileSize": 257669,
        "mediaType": "image/jpeg"
      }
    },
    "summary": {
      "elementType": "text",
      "value": "Here's how to get headwear right this season. For a contemporary casual look, try wearing this basic hat as the weather warms up."
    },
    "author": {
      "elementType": "text",
      "value": "Levi"
    },
    "body": {
      "elementType": "text",
      "value": "Phasellus dapibus mauris ac lectus ornare, vel congue augue elementum. Integer bibendum ultrices rhoncus. Aenean vulputate, ligula vitae ornare malesuada, urna nisi blandit enim, id porttitor felis felis at lacus. Sed tristique euismod bibendum. Mauris sagittis libero orci, nec efficitur justo pulvinar in. Maecenas sollicitudin nulla odio, a pharetra est volutpat eget. Vestibulum et porta sem. Duis sed bibendum nibh. Donec non condimentum leo. Curabitur venenatis euismod massa nec placerat.\n\nMauris vestibulum arcu ut efficitur tincidunt. Fusce pretium id enim at faucibus. Donec eleifend congue feugiat. Aliquam ac imperdiet eros, id pulvinar nisi. Duis quis nibh sed libero luctus ultrices quis eget neque. Cras vel pharetra massa. Integer a libero vitae magna semper pharetra ac at dolor. Integer bibendum metus quis nulla aliquam placerat.\n\nPraesent vel turpis rutrum, aliquam nisl id, viverra purus. Donec a sem sed leo aliquam imperdiet sit amet interdum ipsum. Morbi mauris sapien, tempor ac efficitur non, iaculis at arcu. Sed eu feugiat velit. Morbi sodales mauris id urna accumsan, et luctus erat ornare. Praesent tincidunt efficitur nibh, in sagittis mi euismod non. In suscipit lorem sit amet dolor pellentesque rhoncus. Lorem ipsum dolor sit amet, consectetur adipiscing elit."
    },
    "title": {
      "elementType": "text",
      "value": "Get to Know the New Modern Hat for Casual Wear"
    }
  },
  "type": "Sample Article",
  "creator": "Watson ContentHubTools",
  "lastModifier": "Watson ContentHubTools"
}