{
  "id": "b23b1f01-6514-40f3-8b54-cb90e228e867",
  "rev": "3-e6c8401fee5bd6ad4b301008b89e29ce",
  "name": "The Perfect Way to Take a Day Trip to the City",
  "description": "",
  "classification": "content",
  "typeId": "24490027-e55b-4739-a5a9-5c091c5d4a72",
  "locale": "en",
  "lastModified": "2017-03-27T02:15:17.866Z",
  "lastModifierId": "75969307-347d-4b20-a8e9-a95f7c42ef70",
  "created": "2017-03-27T02:09:53.700Z",
  "creatorId": "75969307-347d-4b20-a8e9-a95f7c42ef70",
  "tags": [],
  "status": "ready",
  "elements": {
    "image": {
      "elementType": "image",
      "renditions": {
        "default": {
          "renditionId": "0e7f7c92-9bc6-4ce3-a163-245d6e435176",
          "source": "/authoring/v1/resources/7e77289913726152d98ccfbeae984395"
        },
        "thumbnail": {
          "renditionId": "532740db-0d11-47cd-96b2-a171e4a11012",
          "source": "/authoring/v1/resources/7e77289913726152d98ccfbeae984395?resize=0.6666666666666666xw:0.6666666666666666xh&crop=800:500;0,0"
        }
      },
      "asset": {
        "id": "fc160ab7-9072-42a9-9214-5da381d6a1b5",
        "resourceUri": "/authoring/v1/resources/7e77289913726152d98ccfbeae984395",
        "fileName": "city.jpg",
        "fileSize": 226655,
        "mediaType": "image/jpeg"
      }
    },
    "publishDate": {
      "elementType": "datetime",
      "value": "2016-12-06T05:00:00Z"
    },
    "author": {
      "elementType": "text",
      "value": "Carlos"
    },
    "title": {
      "elementType": "text",
      "value": "The Perfect Way to Take a Day Trip to the City"
    },
    "category": {
      "elementType": "category",
      "categoryIds": [
        "911cf1415a408d9655659d01d34cbd77"
      ]
    },
    "body": {
      "elementType": "text",
      "value": "Nulla porttitor tortor neque, ut elementum nunc faucibus vel. Vestibulum ante ipsum primis in faucibus orci luctus et ultrices posuere cubilia Curae; Suspendisse nec mauris in leo ultricies mollis a at leo. Duis tincidunt nisi non volutpat hendrerit. Mauris porta arcu accumsan libero efficitur, eget commodo lectus feugiat. Pellentesque habitant morbi tristique senectus et netus et malesuada fames ac turpis egestas. Fusce scelerisque mi nec massa aliquet semper. Sed gravida sit amet libero at mattis. Suspendisse at tincidunt lacus, suscipit tempus sem.\n\nDonec scelerisque, sapien at scelerisque consequat, metus sapien sollicitudin tellus, et tincidunt felis eros vehicula augue. Quisque malesuada rutrum leo vel posuere. Morbi ac sapien vitae velit tempus cursus porta in arcu. Vivamus at massa nec eros ultricies scelerisque. Sed egestas sit amet velit quis dictum. Pellentesque quis ullamcorper elit. Duis at justo scelerisque, viverra turpis at, lacinia lorem. Duis porttitor convallis est, vitae feugiat erat ullamcorper id.\n\nCurabitur placerat non magna quis pretium. Duis rutrum viverra nulla sit amet hendrerit. Nulla porta accumsan turpis at dictum. Fusce nec dolor ut dolor dictum auctor quis ac tellus. In hac habitasse platea dictumst. Cras accumsan nibh ut augue consectetur ornare. Pellentesque arcu sem, finibus quis nisi et, dapibus dapibus mauris. Nullam quis convallis tellus, quis porttitor libero. Morbi rutrum pellentesque urna, a viverra turpis mattis eget. Praesent pretium et leo sed scelerisque. Donec eleifend tortor purus, et euismod dui tempus eu. Phasellus varius velit euismod nulla porttitor malesuada. Nam a mollis lorem. Nulla ullamcorper, mi ac pulvinar tincidunt, mi tellus molestie neque, et aliquet felis metus nec sapien."
    },
    "summary": {
      "elementType": "text",
      "value": "One of the best things to do in a city is escape for a while.  Let us teach you the best ways to relax and take it all that a city has to offer."
    }
  }
}