{
  "id": "b755dfdd-0fb3-40ac-8103-23a4a2bc33a7",
  "rev": "5-68fd40b2a9451008c674e4cf4cad14b2",
  "name": "The Most Amazing Places to Catch a Wave in the Entire World",
  "description": "",
  "classification": "content",
  "typeId": "24490027-e55b-4739-a5a9-5c091c5d4a72",
  "locale": "en",
  "lastModified": "2017-06-16T19:36:30.817Z",
  "lastModifierId": "7dae81a1-0f9a-4ca4-a8f5-811f641e6f8a",
  "created": "2017-06-01T19:52:22.070Z",
  "creatorId": "7dae81a1-0f9a-4ca4-a8f5-811f641e6f8a",
  "tags": [
    "user:sample",
    "user:IBM sample"
  ],
  "status": "ready",
  "elements": {
    "author": {
      "elementType": "text",
      "value": "Angela"
    },
    "image": {
      "elementType": "image",
      "renditions": {
        "default": {
          "renditionId": "6a6cd378-1fcb-4cbf-908d-1d5f4063b09f",
          "source": "/authoring/v1/resources/651f236ccf993be7c564fe1c7091dd6c"
        },
        "thumbnail": {
          "renditionId": "bbc52a06-60bb-4a3d-8007-1a33172a62cc",
          "source": "/authoring/v1/resources/651f236ccf993be7c564fe1c7091dd6c?resize=800px:500px&crop=800:500;0,0"
        }
      },
      "asset": {
        "id": "0438e9cc-6c99-4a36-80b9-2a04ba70a997",
        "resourceUri": "/authoring/v1/resources/651f236ccf993be7c564fe1c7091dd6c",
        "fileName": "ocean.jpg",
        "fileSize": 151901,
        "mediaType": "image/jpeg"
      }
    },
    "body": {
      "elementType": "text",
      "value": "In posuere vehicula blandit. Praesent sit amet risus lobortis, eleifend massa id, scelerisque risus. Aliquam eget mattis risus. Nunc vitae ipsum risus. Quisque eget tortor semper, elementum ante ac, hendrerit massa. Nunc vehicula quis dui quis elementum. Phasellus id tellus sem. Duis pellentesque efficitur elit eu convallis. Duis quam lacus, rutrum aliquam nulla eget, viverra luctus quam. Praesent egestas urna sed diam rutrum, at finibus enim vestibulum. Integer in ex a enim maximus dapibus sed et mi.\n\nPellentesque interdum ut massa eget tincidunt. Quisque sed consequat augue. Fusce porta, velit nec consectetur ornare, neque urna iaculis enim, sed luctus mauris arcu a velit. Phasellus nec nibh metus. Suspendisse hendrerit lacus quis vestibulum placerat. Etiam vulputate risus eget consectetur faucibus. Suspendisse sodales velit ligula, auctor cursus tellus vulputate eget. Donec at feugiat dolor.\n\nQuisque a ultrices ante. Etiam pellentesque diam id vestibulum molestie. Donec interdum eleifend mauris, ac sagittis orci pharetra vel. Integer gravida massa rhoncus orci dignissim auctor. Phasellus leo dui, molestie vitae metus a, ornare finibus odio. Nullam venenatis ut mi at venenatis. Mauris interdum eu ex at feugiat. Maecenas non arcu vitae ante pellentesque eleifend. Nunc convallis lectus in ipsum blandit, ut interdum sem molestie. Etiam congue tellus sed mattis fringilla. Aliquam vehicula vehicula risus in porttitor. Integer sed ipsum odio. Proin sit amet dui mauris. Sed viverra metus at velit posuere, eleifend pulvinar nulla eleifend. Donec est massa, viverra in tempor et, eleifend a dui."
    },
    "title": {
      "elementType": "text",
      "value": "The Most Amazing Places to Catch a Wave in the Entire World"
    },
    "summary": {
      "elementType": "text",
      "value": "Travel to the best surf spots to enjoy long sunny days and endless wave rides.  Find out where it is best for both high-tide and low-tide without thinking twice about timing."
    },
    "category": {
      "elementType": "category",
      "categoryIds": [
        "911cf1415a408d9655659d01d34cbd77"
      ],
      "categories": [
        "Sample Article/Travel"
      ]
    }
  },
  "type": "Sample Article",
  "creator": "Watson ContentHubTools",
  "lastModifier": "Watson ContentHubTools"
}