{
  "id": "b7abe31d-7763-41a9-b8d5-f7cf78565cbd",
  "rev": "14-b0b27d8fa4a3ea509674d8e443660f2f",
  "name": "Affordable Trips You Should Be Taking Right Now",
  "description": "",
  "classification": "content",
  "typeId": "24490027-e55b-4739-a5a9-5c091c5d4a72",
  "lastModified": "2016-12-12T18:00:00.010Z",
  "lastModifierId": "f90132cb-afee-4c81-bb89-68ee29341f73",
  "created": "2016-12-07T18:02:51.027Z",
  "creatorId": "f90132cb-afee-4c81-bb89-68ee29341f73",
  "tags": [],
  "status": "draft",
  "elements": {
    "body": {
      "elementType": "text",
      "value": "Duis mi neque, hendrerit nec ligula quis, tempus convallis orci. Curabitur in purus in massa egestas elementum sit amet at mauris. Nullam hendrerit, ante quis dapibus tincidunt, enim augue rhoncus metus, sit amet porttitor mi felis ac enim. Sed et tristique lacus. Pellentesque sit amet hendrerit dolor, a condimentum ex. Donec ac massa vitae velit euismod sagittis. Aenean viverra a tortor ac lacinia. Lorem ipsum dolor sit amet, consectetur adipiscing elit. Nam congue orci odio, ut sodales leo pulvinar vulputate. Aenean tincidunt urna pulvinar elit maximus, nec viverra leo porttitor. Duis hendrerit, sapien sed porttitor suscipit, nulla odio congue mi, quis facilisis nunc risus at neque. Donec libero purus, vulputate sed ultricies vel, ullamcorper eu mauris. Morbi molestie rutrum est, non iaculis eros semper at.\n\nInteger dapibus et arcu vitae vulputate. Integer semper nisl sit amet est interdum, id vestibulum dolor lacinia. Donec at fringilla quam, quis convallis mi. Proin tempus mauris justo, vitae auctor diam porttitor tempus. Mauris mattis est in justo sodales, nec vehicula enim pharetra. Etiam molestie tempus tortor et tristique. Donec eget sodales lectus, ac rhoncus massa.\n\nVivamus a mi facilisis, scelerisque dolor et, vulputate lacus. Nulla quis ultrices sem. Integer eu elementum libero. Mauris dictum lobortis dapibus. Donec vulputate dictum tincidunt. Phasellus sit amet est malesuada, pulvinar ligula nec, bibendum nunc. Pellentesque habitant morbi tristique senectus et netus et malesuada fames ac turpis egestas. Vivamus pulvinar, lorem nec malesuada tincidunt, arcu nunc vestibulum justo, eu rutrum turpis felis a lacus. Nam dapibus tincidunt leo. Nullam porttitor auctor ultricies. Proin porta odio tortor. In gravida mollis justo, at porta nunc dictum non. Vivamus hendrerit enim non velit tempor efficitur."
    },
    "title": {
      "elementType": "text",
      "value": "Affordable Trips You Should Be Taking Right Now"
    },
    "publishDate": {
      "elementType": "datetime",
      "value": "2016-11-27T05:00:00Z"
    },
    "image": {
      "elementType": "image",
      "renditions": {
        "default": {
          "renditionId": "97283cfe-3136-4cfe-8ae3-3823cf9f045a",
          "source": "/authoring/v1/resources/0378b11f8031e48b7b5fe08b439bd501"
        },
        "thumbnail": {
          "renditionId": "328de96f-b6ed-4d8d-9876-eeb9e33402ce",
          "source": "/authoring/v1/resources/0378b11f8031e48b7b5fe08b439bd501?resize=0.6666666666666666xw:0.6666666666666666xh&crop=800:500;0,0"
        }
      },
      "asset": {
        "id": "4a613d7b-25af-42b8-b27f-665d4343b024",
        "resourceUri": "/authoring/v1/resources/0378b11f8031e48b7b5fe08b439bd501",
        "fileName": "village.jpg",
        "fileSize": 372232,
        "mediaType": "image/jpeg"
      }
    },
    "summary": {
      "elementType": "text",
      "value": "This guide will help you get on your way to a killer vacation even if you are strapped for cash.  We'll help you choose the right destination that is available right now, and get your on a plane tomorrow."
    },
    "author": {
      "elementType": "text",
      "value": "Patty"
    },
    "category": {
      "elementType": "category",
      "categoryIds": [
        "911cf1415a408d9655659d01d34cbd77"
      ]
    }
  }
}