{
  "id": "bae4f14b-3df8-4f1a-aa39-08e0a93073a3",
  "rev": "3-2050c06df763a7a8f2a8572e2bc1ae06",
  "name": "Experience These Books When Escaping the Daily Grind",
  "description": "",
  "classification": "content",
  "typeId": "24490027-e55b-4739-a5a9-5c091c5d4a72",
  "locale": "en",
  "lastModified": "2017-03-27T02:11:31.445Z",
  "lastModifierId": "75969307-347d-4b20-a8e9-a95f7c42ef70",
  "created": "2017-03-27T02:09:54.768Z",
  "creatorId": "75969307-347d-4b20-a8e9-a95f7c42ef70",
  "tags": [],
  "status": "ready",
  "elements": {
    "author": {
      "elementType": "text",
      "value": "Olivia"
    },
    "body": {
      "elementType": "text",
      "value": "Vestibulum ultricies mauris et tellus blandit, eget ultrices augue consequat. Nullam placerat, dolor eget dignissim sagittis, odio est egestas diam, et facilisis purus nisi id dui. Etiam fermentum arcu eu lorem bibendum, id iaculis ex ultricies. Phasellus at vestibulum felis. Sed maximus diam vitae ante tincidunt mollis. Maecenas odio purus, convallis non magna vitae, bibendum fermentum turpis. Suspendisse vitae nisl porttitor, rhoncus augue sed, molestie lorem. Nullam sit amet nibh rutrum, ultrices diam at, vulputate augue.\n\nPhasellus pretium orci lacus, non varius nibh venenatis sit amet. Sed egestas, tellus a eleifend rhoncus, eros arcu ultrices metus, at laoreet erat libero in ligula. Sed magna nisi, fringilla pulvinar lacinia id, facilisis id massa. Sed convallis neque in fringilla tempus. Nunc luctus ullamcorper ex. Curabitur nec ornare ante. Vestibulum faucibus sit amet sem accumsan placerat. Ut gravida justo tristique ex facilisis, egestas feugiat dolor tristique. Nam in neque aliquam risus hendrerit rhoncus. Etiam pharetra sodales arcu at laoreet.\n\nNulla sodales quam eu leo vulputate, quis ornare dui elementum. Maecenas ultricies dapibus pharetra. Mauris ut vestibulum nulla. Integer volutpat vestibulum tortor, in rutrum lorem elementum nec. Mauris rhoncus ex a sodales suscipit. Duis sit amet mauris sed eros bibendum sagittis sit amet vitae quam. Donec molestie eu dolor et accumsan. Phasellus vitae odio ac mi consequat sagittis."
    },
    "title": {
      "elementType": "text",
      "value": "Experience These Books When Escaping the Daily Grind"
    },
    "category": {
      "elementType": "category",
      "categoryIds": [
        "911cf1415a408d9655659d01d34d04a1"
      ]
    },
    "image": {
      "elementType": "image",
      "renditions": {
        "default": {
          "renditionId": "afe9900e-2a9c-4eec-956e-e81a9c720a6e",
          "source": "/authoring/v1/resources/eb89adbc029c70ab96ffd4d35f7fbef9"
        },
        "thumbnail": {
          "renditionId": "c79fbf2b-a7dd-4422-b088-21dcecddc9df",
          "source": "/authoring/v1/resources/eb89adbc029c70ab96ffd4d35f7fbef9?resize=0.6666666666666666xw:0.6666666666666666xh&crop=800:500;0,0"
        }
      },
      "asset": {
        "id": "11a2f730-7f64-45d3-b50e-0567340594eb",
        "resourceUri": "/authoring/v1/resources/eb89adbc029c70ab96ffd4d35f7fbef9",
        "fileName": "life3.jpg",
        "fileSize": 134347,
        "mediaType": "image/jpeg"
      }
    },
    "publishDate": {
      "elementType": "datetime",
      "value": "2016-11-30T05:00:00Z"
    },
    "summary": {
      "elementType": "text",
      "value": "Indulge in one of these sweet reads in your office or on the bus, either way it will make sure to take you away from all the bothers in life."
    }
  }
}