{
  "id": "c5772053-ee20-465a-86e6-c2530caf8fbf",
  "rev": "3-6f6d3d57af3ad6c66872733fee01653a",
  "name": "Elope to These Places to Get the Most Spectacular View",
  "description": "",
  "classification": "content",
  "typeId": "24490027-e55b-4739-a5a9-5c091c5d4a72",
  "locale": "en",
  "lastModified": "2017-03-27T02:12:14.555Z",
  "lastModifierId": "75969307-347d-4b20-a8e9-a95f7c42ef70",
  "created": "2017-03-27T02:09:54.674Z",
  "creatorId": "75969307-347d-4b20-a8e9-a95f7c42ef70",
  "tags": [],
  "status": "ready",
  "elements": {
    "publishDate": {
      "elementType": "datetime",
      "value": "2016-12-03T05:00:00Z"
    },
    "title": {
      "elementType": "text",
      "value": "Elope to These Places to Get the Most Spectacular View"
    },
    "summary": {
      "elementType": "text",
      "value": "Get married high up in the mountains to take in the most spectacular views as you are hitched to the love of your life."
    },
    "category": {
      "elementType": "category",
      "categoryIds": [
        "911cf1415a408d9655659d01d34cbd77"
      ]
    },
    "body": {
      "elementType": "text",
      "value": "Vestibulum at ex velit. Proin maximus nec massa id auctor. Suspendisse ultricies ante ac lectus dignissim, ut laoreet eros pulvinar. Nunc porttitor lacus non volutpat condimentum. Pellentesque sollicitudin sem id consequat facilisis. Sed arcu tellus, sagittis non ligula sit amet, vulputate sollicitudin lacus. Curabitur semper facilisis enim at rhoncus. Phasellus cursus metus pharetra gravida aliquam. Aenean mollis vulputate pretium. Etiam quis sem rhoncus, elementum purus eget, mattis erat.\n\nNulla purus magna, accumsan sed tellus sed, commodo tincidunt lacus. Etiam eu condimentum felis. Aenean eleifend luctus tristique. Sed quis sem malesuada lorem porttitor auctor. Nam ac consectetur quam. Phasellus sem urna, euismod vitae dignissim sit amet, tristique et augue. Nam iaculis ligula at gravida placerat. Donec nunc urna, commodo sit amet urna ac, cursus volutpat neque. Nunc quis felis convallis, auctor nisi imperdiet, elementum libero. Suspendisse efficitur mollis augue, placerat sagittis augue placerat at. Praesent quis dictum enim. Duis sit amet sapien ornare, ullamcorper arcu eget, imperdiet ipsum. Mauris dignissim in elit commodo bibendum. Aenean turpis orci, consequat nec mattis nec, molestie nec urna.\n\nMorbi blandit fermentum elit sed rhoncus. Phasellus vitae est ligula. Nam a lorem vel risus efficitur porta in vel risus. Ut ut purus sit amet sapien tincidunt pretium a id neque. Nullam diam tellus, sodales at enim vel, pulvinar ultricies erat. Curabitur at finibus elit. Suspendisse at finibus lectus. Suspendisse a augue justo. Vestibulum tempor laoreet convallis. Etiam aliquet tellus sit amet nibh efficitur blandit. Vivamus commodo rutrum tellus, porttitor fermentum tellus."
    },
    "author": {
      "elementType": "text",
      "value": "Anthony"
    },
    "image": {
      "elementType": "image",
      "renditions": {
        "default": {
          "renditionId": "10b1cfc5-0186-487f-950b-ef9c79c1b30d",
          "source": "/authoring/v1/resources/06763fa56ceec4d5bcafb37b53dce2df"
        },
        "thumbnail": {
          "renditionId": "65cf9af5-cb1f-4e98-a74b-ef5e32ae45bc",
          "source": "/authoring/v1/resources/06763fa56ceec4d5bcafb37b53dce2df?resize=0.6666666666666666xw:0.6666666666666666xh&crop=800:500;0,0"
        }
      },
      "asset": {
        "id": "cadff799-e2be-42da-b877-1283b52c05c6",
        "resourceUri": "/authoring/v1/resources/06763fa56ceec4d5bcafb37b53dce2df",
        "fileName": "mountains.jpg",
        "fileSize": 282911,
        "mediaType": "image/jpeg"
      }
    }
  }
}