{
  "id": "e07214a8-373c-40c1-9898-b4de31b2cfee",
  "rev": "13-1b3f525a61410856ea5167c6be9f9937",
  "name": "Take a Ride With the Latest Style for Sunglasses",
  "description": "",
  "classification": "content",
  "typeId": "24490027-e55b-4739-a5a9-5c091c5d4a72",
  "lastModified": "2016-12-09T17:19:52.155Z",
  "lastModifierId": "f90132cb-afee-4c81-bb89-68ee29341f73",
  "created": "2016-12-07T17:47:31.968Z",
  "creatorId": "f90132cb-afee-4c81-bb89-68ee29341f73",
  "tags": [],
  "status": "draft",
  "elements": {
    "summary": {
      "elementType": "text",
      "value": "Get the low down on the latest sunglasses before summer hits."
    },
    "body": {
      "elementType": "text",
      "value": "Sed mollis ligula non nibh rhoncus, at vestibulum lorem sodales. Aliquam eu ipsum nisi. Fusce nec augue vitae metus congue dictum sit amet non dolor. Duis tincidunt consequat nulla, id tempor ex lobortis a. Nam vitae odio leo. Cras nibh nisi, tempus a urna non, volutpat iaculis velit. Aenean et arcu finibus, ultricies dui a, porttitor arcu. Praesent aliquet purus et nisi pellentesque tincidunt.\n\nIn ut quam bibendum, maximus erat eget, dictum mauris. Nulla eleifend magna at tempor accumsan. Pellentesque lacus purus, aliquet id ex sit amet, laoreet dapibus purus. Cras maximus felis quis libero iaculis feugiat. Etiam pharetra rhoncus velit, id vehicula ex facilisis sed. Integer nisi metus, interdum id urna vel, sagittis hendrerit quam. Sed sit amet magna at elit iaculis pharetra. Curabitur interdum sem nunc, in congue ante placerat sed. Proin a libero ac enim commodo pulvinar ornare in ex. Pellentesque eleifend, ante ut malesuada pretium, lorem risus sagittis nulla, id luctus risus arcu quis eros. Curabitur ut aliquam nulla. Quisque finibus facilisis arcu, dapibus fringilla erat luctus maximus. Maecenas massa mi, fringilla id augue nec, molestie sodales turpis.\n\nFusce quis leo urna. Donec feugiat metus vel sapien suscipit mattis vel eget enim. Donec fringilla, libero in imperdiet tristique, ante odio elementum enim, eu rutrum urna lorem sit amet diam. Vestibulum tincidunt maximus libero vitae interdum. Quisque tempor ex sit amet tortor laoreet lacinia. Proin sit amet porta felis, vel laoreet turpis. Fusce commodo pulvinar lectus, quis ultricies justo facilisis a. Nulla non aliquam odio. Sed dictum lacus a molestie porttitor. Praesent ut neque finibus, semper sapien in, laoreet enim. Donec non nulla ultricies, aliquet lacus sed, iaculis dui. Proin eget tellus consectetur velit tempus fermentum id vel tellus. Mauris ultrices rhoncus risus in lacinia."
    },
    "publishDate": {
      "elementType": "datetime",
      "value": "2016-12-05T05:00:00Z"
    },
    "image": {
      "elementType": "image",
      "renditions": {
        "default": {
          "renditionId": "01e12698-3b1a-4deb-8af9-2b422ccde314",
          "source": "/authoring/v1/resources/80f5c716ad9bd2142efe417175a51776"
        },
        "thumbnail": {
          "renditionId": "fb98cfc9-3ff2-4735-95d7-1b19d5821260",
          "source": "/authoring/v1/resources/80f5c716ad9bd2142efe417175a51776?resize=0.6666666666666666xw:0.6666666666666666xh&crop=800:500;0,0"
        }
      },
      "asset": {
        "id": "db1d6590-a740-4ebd-973c-afcc8ebd3b0c",
        "resourceUri": "/authoring/v1/resources/80f5c716ad9bd2142efe417175a51776",
        "fileName": "fashion1.jpg",
        "fileSize": 156026,
        "mediaType": "image/jpeg"
      }
    },
    "category": {
      "elementType": "category",
      "categoryIds": [
        "cdc34133c379246560113fa85e69b1aa"
      ]
    },
    "author": {
      "elementType": "text",
      "value": "Ann"
    },
    "title": {
      "elementType": "text",
      "value": "Take a Ride With the Latest Style for Sunglasses"
    }
  }
}