{
  "mediaType": "image/jpeg",
  "name": "fashion1.jpg",
  "path": "/dxdam/f5/f52dcca5-7a73-4853-a00c-c8749d55af28/fashion1.jpg",
  "digest": "rzy/LE6LU/iaAZHl/DmjYw==",
  "assetType": "image",
  "lastModified": "2016-12-08T19:26:32.473Z",
  "description": "",
  "tags": {
    "values": [],
    "declined": [],
    "analysis": "complete",
    "suggested": []
  },
  "categoryIds": [],
  "fileName": "fashion1.jpg",
  "creatorId": "f90132cb-afee-4c81-bb89-68ee29341f73",
  "rev": "3-47308adf6ea6cbaa049cf55546d22e6d",
  "id": "db1d6590-a740-4ebd-973c-afcc8ebd3b0c",
  "resource": "80f5c716ad9bd2142efe417175a51776",
  "fileSize": 156026,
  "lastModifierId": "f90132cb-afee-4c81-bb89-68ee29341f73",
  "renditions": {
    "default": {
      "id": "01e12698-3b1a-4deb-8af9-2b422ccde314",
      "source": "/authoring/v1/resources/80f5c716ad9bd2142efe417175a51776"
    }
  },
  "classification": "asset",
  "created": "2016-12-08T15:25:17.320Z"
}