{
  "mediaType": "image/jpeg",
  "name": "fashion1.jpg",
  "path": "/dxdam/f5/f52dcca5-7a73-4853-a00c-c8749d55af28/fashion1.jpg",
  "digest": "rzy/LE6LU/iaAZHl/DmjYw==",
  "usageRights": {
    "categories": []
  },
  "assetType": "image",
  "lastModified": "2017-06-16T19:36:11.674Z",
  "description": "",
  "tags": {
    "values": [
      "classification:black color",
      "classification:push-bike",
      "face:18-24",
      "classification:gray color",
      "face:Male",
      "classification:bicycle-built-for-two",
      "classification:bicycle",
      "classification:vehicle",
      "user:IBM sample",
      "user:sample"
    ],
    "declined": [],
    "suggested": [
      "classification:bicycle",
      "classification:vehicle",
      "classification:bicycle-built-for-two",
      "classification:push-bike",
      "classification:black color",
      "classification:gray color",
      "face:Male",
      "face:18-24"
    ],
    "analysis": "complete"
  },
  "altText": "",
  "categoryIds": [],
  "fileName": "fashion1.jpg",
  "creatorId": "7dae81a1-0f9a-4ca4-a8f5-811f641e6f8a",
  "rev": "10-c8583d7ef48ab4d94dd3321a5c745ad5",
  "cognitive": {
    "classifications": [
      "bicycle",
      "vehicle",
      "bicycle-built-for-two",
      "push-bike",
      "black color",
      "gray color"
    ],
    "faces": [
      {
        "gender": "Male",
        "age": {
          "minimum": 18,
          "maximum": 24
        }
      }
    ],
    "colors": {
      "vibrant": "#a48c4c",
      "muted": "#8d7c66",
      "darkVibrant": "#342011",
      "darkMuted": "#5c4b38",
      "lightVibrant": "#f5ddba",
      "lightMuted": "#d2c4a5"
    },
    "status": "complete"
  },
  "id": "db1d6590-a740-4ebd-973c-afcc8ebd3b0c",
  "resource": "80f5c716ad9bd2142efe417175a51776",
  "fileSize": 156026,
  "status": "ready",
  "lastModifierId": "7dae81a1-0f9a-4ca4-a8f5-811f641e6f8a",
  "renditions": {
    "default": {
      "id": "r=80f5c716ad9bd2142efe417175a51776&a=db1d6590-a740-4ebd-973c-afcc8ebd3b0c",
      "source": "/authoring/v1/resources/80f5c716ad9bd2142efe417175a51776"
    }
  },
  "metadata": {
    "width": 1200,
    "height": 750,
    "creator": "World Challenge, Inc.",
    "rights": "All rights reserved."
  },
  "classification": "asset",
  "created": "2017-06-01T20:05:59.894Z",
  "creator": "Watson ContentHubTools",
  "lastModifier": "Watson ContentHubTools",
  "categories": [],
  "links": {
    "self": {
      "href": "/authoring/v1/assets/db1d6590-a740-4ebd-973c-afcc8ebd3b0c"
    },
    "media": {
      "href": "/authoring/v1/resources/80f5c716ad9bd2142efe417175a51776.jpg"
    },
    "thumbnail": {
      "href": "/authoring/v1/resources/80f5c716ad9bd2142efe417175a51776?fit=inside%7C220:145"
    }
  }
}
