{
  "mediaType": "image/jpeg",
  "name": "fashion1.jpg",
  "path": "/dxdam/f5/f52dcca5-7a73-4853-a00c-c8749d55af28/fashion1.jpg",
  "digest": "rzy/LE6LU/iaAZHl/DmjYw==",
  "assetType": "image",
  "lastModified": "2017-03-27T02:09:48.290Z",
  "description": "",
  "tags": {
    "values": [
      "classification:black color",
      "classification:bicycle",
      "classification:vehicle",
      "face:18-24",
      "classification:bicycle-built-for-two",
      "classification:gray color",
      "face:Male",
      "classification:push-bike"
    ],
    "declined": [],
    "analysis": "complete",
    "suggested": [
      "classification:bicycle",
      "classification:vehicle",
      "classification:bicycle-built-for-two",
      "classification:push-bike",
      "classification:black color",
      "classification:gray color",
      "face:Male",
      "face:18-24"
    ]
  },
  "altText": "",
  "categoryIds": [],
  "fileName": "fashion1.jpg",
  "creatorId": "75969307-347d-4b20-a8e9-a95f7c42ef70",
  "rev": "2-2a984adf6a864b37c56c7567ccd5afdc",
  "cognitive": {
    "classifications": [
      "bicycle",
      "vehicle",
      "bicycle-built-for-two",
      "push-bike",
      "black color",
      "gray color"
    ],
    "faces": [
      {
        "gender": "Male",
        "age": {
          "minimum": 18,
          "maximum": 24
        }
      }
    ],
    "status": "complete"
  },
  "id": "db1d6590-a740-4ebd-973c-afcc8ebd3b0c",
  "resource": "80f5c716ad9bd2142efe417175a51776",
  "fileSize": 156026,
  "lastModifierId": "75969307-347d-4b20-a8e9-a95f7c42ef70",
  "renditions": {
    "default": {
      "id": "01e12698-3b1a-4deb-8af9-2b422ccde314",
      "source": "/authoring/v1/resources/80f5c716ad9bd2142efe417175a51776"
    }
  },
  "metadata": {
    "width": 1200,
    "height": 750,
    "creator": "World Challenge, Inc.",
    "rights": "All rights reserved."
  },
  "classification": "asset",
  "created": "2017-03-27T02:09:48.290Z"
}