{
  "id": "911cf1415a408d9655659d01d34d04a1",
  "rev": "7-15846a54ceeb20ba733c8575abf80f29",
  "name": "Lifestyle",
  "creatorId": "7dae81a1-0f9a-4ca4-a8f5-811f641e6f8a",
  "classification": "category",
  "taxonomy": "59f05dd9116cf0ee47c23903bd563ea7",
  "parent": "59f05dd9116cf0ee47c23903bd563ea7",
  "ancestorIds": [
    "59f05dd9116cf0ee47c23903bd563ea7"
  ],
  "namePath": [
    "Sample Article",
    "Lifestyle"
  ],
  "links": {
    "taxonomy": {
      "href": "/authoring/v1/categories/59f05dd9116cf0ee47c23903bd563ea7"
    },
    "self": {
      "href": "/authoring/v1/categories/911cf1415a408d9655659d01d34d04a1"
    },
    "parent": {
      "href": "/authoring/v1/categories/59f05dd9116cf0ee47c23903bd563ea7"
    }
  },
  "created": "2017-06-01T19:51:42.277Z",
  "lastModified": "2017-06-16T19:36:04.763Z"
}