{
  "id": "911cf1415a408d9655659d01d34d04a1",
  "rev": "1-ba5156a48cbe57ae383fed38743ade45",
  "name": "Lifestyle",
  "classification": "category",
  "taxonomy": "59f05dd9116cf0ee47c23903bd563ea7",
  "parent": "59f05dd9116cf0ee47c23903bd563ea7",
  "ancestorIds": [
    "59f05dd9116cf0ee47c23903bd563ea7"
  ],
  "namePath": [
    "Article",
    "Lifestyle"
  ],
  "links": {
    "taxonomy": {
      "href": "/authoring/v1/categories/59f05dd9116cf0ee47c23903bd563ea7"
    },
    "self": {
      "href": "/authoring/v1/categories/911cf1415a408d9655659d01d34d04a1"
    },
    "parent": {
      "href": "/authoring/v1/categories/59f05dd9116cf0ee47c23903bd563ea7"
    }
  },
  "created": "2017-03-27T02:09:42.163Z",
  "lastModified": "2017-03-27T02:09:42.163Z"
}