{
  "id": "911cf1415a408d9655659d01d34d04a1",
  "rev": "3-4f27d0e573e069402b9e4060c56ad363",
  "name": "Lifestyle",
  "classification": "category",
  "taxonomy": "59f05dd9116cf0ee47c23903bd563ea7",
  "parent": "59f05dd9116cf0ee47c23903bd563ea7",
  "ancestorIds": [
    "59f05dd9116cf0ee47c23903bd563ea7"
  ],
  "namePath": [
    "Article",
    "Lifestyle"
  ],
  "links": {
    "taxonomy": {
      "href": "/authoring/v1/categories/59f05dd9116cf0ee47c23903bd563ea7"
    },
    "self": {
      "href": "/authoring/v1/categories/911cf1415a408d9655659d01d34d04a1"
    },
    "parent": {
      "href": "/authoring/v1/categories/59f05dd9116cf0ee47c23903bd563ea7"
    }
  },
  "created": "2016-11-21T20:21:14.527Z",
  "lastModified": "2016-12-08T19:26:33.590Z"
}