{
  "id": "911cf1415a408d9655659d01d34cbd77",
  "rev": "1-f32a662c938b98cf9b36da0447d6711c",
  "name": "Travel",
  "classification": "category",
  "taxonomy": "59f05dd9116cf0ee47c23903bd563ea7",
  "parent": "59f05dd9116cf0ee47c23903bd563ea7",
  "ancestorIds": [
    "59f05dd9116cf0ee47c23903bd563ea7"
  ],
  "namePath": [
    "Article",
    "Travel"
  ],
  "links": {
    "taxonomy": {
      "href": "/authoring/v1/categories/59f05dd9116cf0ee47c23903bd563ea7"
    },
    "self": {
      "href": "/authoring/v1/categories/911cf1415a408d9655659d01d34cbd77"
    },
    "parent": {
      "href": "/authoring/v1/categories/59f05dd9116cf0ee47c23903bd563ea7"
    }
  },
  "created": "2017-03-27T02:09:41.628Z",
  "lastModified": "2017-03-27T02:09:41.628Z"
}