{
  "id": "911cf1415a408d9655659d01d34cbd77",
  "rev": "7-46c07d399f77c4e78d925d0e3d63571a",
  "name": "Travel",
  "creatorId": "7dae81a1-0f9a-4ca4-a8f5-811f641e6f8a",
  "classification": "category",
  "taxonomy": "59f05dd9116cf0ee47c23903bd563ea7",
  "parent": "59f05dd9116cf0ee47c23903bd563ea7",
  "ancestorIds": [
    "59f05dd9116cf0ee47c23903bd563ea7"
  ],
  "namePath": [
    "Sample Article",
    "Travel"
  ],
  "links": {
    "taxonomy": {
      "href": "/authoring/v1/categories/59f05dd9116cf0ee47c23903bd563ea7"
    },
    "self": {
      "href": "/authoring/v1/categories/911cf1415a408d9655659d01d34cbd77"
    },
    "parent": {
      "href": "/authoring/v1/categories/59f05dd9116cf0ee47c23903bd563ea7"
    }
  },
  "created": "2017-06-01T19:51:40.267Z",
  "lastModified": "2017-06-16T19:36:03.667Z"
}