{
  "id": "cdc34133c379246560113fa85e69b1aa",
  "rev": "4-655e48649abc8741383d61d4e56ed154",
  "name": "Fashion",
  "classification": "category",
  "taxonomy": "59f05dd9116cf0ee47c23903bd563ea7",
  "parent": "59f05dd9116cf0ee47c23903bd563ea7",
  "ancestorIds": [
    "59f05dd9116cf0ee47c23903bd563ea7"
  ],
  "namePath": [
    "Article",
    "Fashion"
  ],
  "links": {
    "taxonomy": {
      "href": "/authoring/v1/categories/59f05dd9116cf0ee47c23903bd563ea7"
    },
    "self": {
      "href": "/authoring/v1/categories/cdc34133c379246560113fa85e69b1aa"
    },
    "parent": {
      "href": "/authoring/v1/categories/59f05dd9116cf0ee47c23903bd563ea7"
    }
  },
  "created": "2016-11-21T20:21:02.996Z",
  "lastModified": "2016-12-08T19:26:33.914Z"
}