{
  "id": "cdc34133c379246560113fa85e69b1aa",
  "rev": "1-4f6f794fd07add2718dac0878348e202",
  "name": "Fashion",
  "classification": "category",
  "taxonomy": "59f05dd9116cf0ee47c23903bd563ea7",
  "parent": "59f05dd9116cf0ee47c23903bd563ea7",
  "ancestorIds": [
    "59f05dd9116cf0ee47c23903bd563ea7"
  ],
  "namePath": [
    "Article",
    "Fashion"
  ],
  "links": {
    "taxonomy": {
      "href": "/authoring/v1/categories/59f05dd9116cf0ee47c23903bd563ea7"
    },
    "self": {
      "href": "/authoring/v1/categories/cdc34133c379246560113fa85e69b1aa"
    },
    "parent": {
      "href": "/authoring/v1/categories/59f05dd9116cf0ee47c23903bd563ea7"
    }
  },
  "created": "2017-03-27T02:09:42.822Z",
  "lastModified": "2017-03-27T02:09:42.822Z"
}