{
  "id": "cdc34133c379246560113fa85e69b1aa",
  "rev": "7-9cbd159b211ca09ac63f6a9624b7e563",
  "name": "Fashion",
  "creatorId": "7dae81a1-0f9a-4ca4-a8f5-811f641e6f8a",
  "classification": "category",
  "taxonomy": "59f05dd9116cf0ee47c23903bd563ea7",
  "parent": "59f05dd9116cf0ee47c23903bd563ea7",
  "ancestorIds": [
    "59f05dd9116cf0ee47c23903bd563ea7"
  ],
  "namePath": [
    "Sample Article",
    "Fashion"
  ],
  "links": {
    "taxonomy": {
      "href": "/authoring/v1/categories/59f05dd9116cf0ee47c23903bd563ea7"
    },
    "self": {
      "href": "/authoring/v1/categories/cdc34133c379246560113fa85e69b1aa"
    },
    "parent": {
      "href": "/authoring/v1/categories/59f05dd9116cf0ee47c23903bd563ea7"
    }
  },
  "created": "2017-06-01T19:51:44.266Z",
  "lastModified": "2017-06-16T19:36:05.859Z"
}