{
  "id": "ea8ba30b49d21dc79d559b73fd77b8c1",
  "rev": "1-d13a700d1d6adf0c0cb1ffc3807bd15e",
  "name": "Tech",
  "classification": "category",
  "taxonomy": "59f05dd9116cf0ee47c23903bd563ea7",
  "parent": "59f05dd9116cf0ee47c23903bd563ea7",
  "ancestorIds": [
    "59f05dd9116cf0ee47c23903bd563ea7"
  ],
  "namePath": [
    "Article",
    "Tech"
  ],
  "links": {
    "taxonomy": {
      "href": "/authoring/v1/categories/59f05dd9116cf0ee47c23903bd563ea7"
    },
    "self": {
      "href": "/authoring/v1/categories/ea8ba30b49d21dc79d559b73fd77b8c1"
    },
    "parent": {
      "href": "/authoring/v1/categories/59f05dd9116cf0ee47c23903bd563ea7"
    }
  },
  "created": "2017-03-27T02:09:43.424Z",
  "lastModified": "2017-03-27T02:09:43.424Z"
}