{
  "id": "ea8ba30b49d21dc79d559b73fd77b8c1",
  "rev": "7-e87f44d53a4a3092646e5a31ca2f878a",
  "name": "Tech",
  "creatorId": "7dae81a1-0f9a-4ca4-a8f5-811f641e6f8a",
  "classification": "category",
  "taxonomy": "59f05dd9116cf0ee47c23903bd563ea7",
  "parent": "59f05dd9116cf0ee47c23903bd563ea7",
  "ancestorIds": [
    "59f05dd9116cf0ee47c23903bd563ea7"
  ],
  "namePath": [
    "Sample Article",
    "Tech"
  ],
  "links": {
    "taxonomy": {
      "href": "/authoring/v1/categories/59f05dd9116cf0ee47c23903bd563ea7"
    },
    "self": {
      "href": "/authoring/v1/categories/ea8ba30b49d21dc79d559b73fd77b8c1"
    },
    "parent": {
      "href": "/authoring/v1/categories/59f05dd9116cf0ee47c23903bd563ea7"
    }
  },
  "created": "2017-06-01T19:51:46.391Z",
  "lastModified": "2017-06-16T19:36:06.775Z"
}