{
  "id": "ea8ba30b49d21dc79d559b73fd77b8c1",
  "rev": "3-61695288f0f846cf533b249cf55e716e",
  "name": "Tech",
  "classification": "category",
  "taxonomy": "59f05dd9116cf0ee47c23903bd563ea7",
  "parent": "59f05dd9116cf0ee47c23903bd563ea7",
  "ancestorIds": [
    "59f05dd9116cf0ee47c23903bd563ea7"
  ],
  "namePath": [
    "Article",
    "Tech"
  ],
  "links": {
    "taxonomy": {
      "href": "/authoring/v1/categories/59f05dd9116cf0ee47c23903bd563ea7"
    },
    "self": {
      "href": "/authoring/v1/categories/ea8ba30b49d21dc79d559b73fd77b8c1"
    },
    "parent": {
      "href": "/authoring/v1/categories/59f05dd9116cf0ee47c23903bd563ea7"
    }
  },
  "created": "2016-12-07T17:45:53.188Z",
  "lastModified": "2016-12-08T19:26:34.233Z"
}