{
  "scale": 0.6666666666666666,
  "locationY": 0,
  "height": 500,
  "locationX": 0,
  "rev": "1-03249319383b48fa24b2d0d390a84c58",
  "id": "328de96f-b6ed-4d8d-9876-eeb9e33402ce",
  "classification": "rendition",
  "asset": {
    "mediaType": "image/jpeg",
    "height": 750,
    "fileName": "village.jpg",
    "id": "4a613d7b-25af-42b8-b27f-665d4343b024",
    "resource": "0378b11f8031e48b7b5fe08b439bd501",
    "fileSize": 372232,
    "width": 1200
  },
  "width": 800,
  "created": "2017-06-01T19:53:36.627Z"
}