{
  "scale": 0.6666666666666666,
  "locationY": 0,
  "height": 500,
  "locationX": 0,
  "rev": "1-fc5327cd1704696c6acc57c5db8a1e59",
  "id": "3d57d784-2941-4a5f-a6b0-6b4f2b17169b",
  "classification": "rendition",
  "asset": {
    "mediaType": "image/jpeg",
    "height": 750,
    "fileName": "tech2.jpg",
    "id": "1afa57ef-e36e-4ee3-af74-1932282b76b9",
    "resource": "80f5c716ad9bd2142efe417175a46b0e",
    "fileSize": 145364,
    "width": 1200
  },
  "width": 800,
  "created": "2017-06-01T19:52:18.125Z"
}