{
  "scale": 0.6666666666666666,
  "locationY": 0,
  "height": 500,
  "locationX": 0,
  "rev": "1-339764f3a001a1595adf30ccabf0f64b",
  "id": "532740db-0d11-47cd-96b2-a171e4a11012",
  "classification": "rendition",
  "asset": {
    "mediaType": "image/jpeg",
    "height": 750,
    "fileName": "city.jpg",
    "id": "fc160ab7-9072-42a9-9214-5da381d6a1b5",
    "resource": "7e77289913726152d98ccfbeae984395",
    "fileSize": 226655,
    "width": 1200
  },
  "width": 800,
  "created": "2017-06-01T19:52:18.155Z"
}