{
  "scale": 0.6666666666666666,
  "locationY": 0,
  "height": 500,
  "locationX": 0,
  "rev": "1-76c482b48ad4d0dbb295981ed94e2f95",
  "id": "65cf9af5-cb1f-4e98-a74b-ef5e32ae45bc",
  "classification": "rendition",
  "asset": {
    "mediaType": "image/jpeg",
    "height": 750,
    "fileName": "mountains.jpg",
    "id": "cadff799-e2be-42da-b877-1283b52c05c6",
    "resource": "06763fa56ceec4d5bcafb37b53dce2df",
    "fileSize": 282911,
    "width": 1200
  },
  "width": 800,
  "created": "2017-06-01T19:52:18.060Z"
}