{
  "scale": 0.6666666666666666,
  "locationY": 0,
  "height": 500,
  "locationX": 0,
  "rev": "1-1cc35ba4fc97f2ff796bf13e2162975f",
  "id": "72871134-4266-407b-918f-25cbdd3d5cc8",
  "classification": "rendition",
  "asset": {
    "mediaType": "image/jpeg",
    "height": 750,
    "fileName": "fashion4.jpg",
    "id": "3c4bdf5d-aabe-443a-9211-1c428f536244",
    "resource": "7e77289913726152d98ccfbeae98e330",
    "fileSize": 140933,
    "width": 1200
  },
  "width": 800,
  "created": "2017-06-01T19:52:18.741Z"
}