{
  "scale": 0.6666666666666666,
  "locationY": 0,
  "height": 500,
  "locationX": 0,
  "rev": "1-9ba65fad00385419c41c678925b5eff3",
  "id": "74e1b293-6228-477f-905c-a86e9285aa8e",
  "classification": "rendition",
  "asset": {
    "mediaType": "image/jpeg",
    "height": 750,
    "fileName": "fashion2.jpg",
    "id": "de21de9d-d413-4702-85a9-abe65d6aa108",
    "resource": "06763fa56ceec4d5bcafb37b53dd8521",
    "fileSize": 118995,
    "width": 1200
  },
  "width": 800,
  "created": "2017-06-01T19:52:18.842Z"
}