{
  "scale": 0.6666666666666666,
  "locationY": 0,
  "height": 500,
  "locationX": 0,
  "rev": "1-50aa6a3debf508e23a420ab9d4a4b2be",
  "id": "7a8950f2-5cef-4298-9356-e5c3c05607f5",
  "classification": "rendition",
  "asset": {
    "mediaType": "image/jpeg",
    "height": 750,
    "fileName": "life4.jpg",
    "id": "fce2f60c-7de3-4cce-bc98-42276eedda98",
    "resource": "80f5c716ad9bd2142efe417175a49e84",
    "fileSize": 166901,
    "width": 1200
  },
  "width": 800,
  "created": "2017-06-01T19:52:19.065Z"
}