{
  "scale": 0.6666666666666666,
  "locationY": 0,
  "height": 500,
  "locationX": 0,
  "rev": "1-0fdf039413638ad4cbeda0e763270c9a",
  "id": "93e288ec-c55a-4531-873f-17648560574f",
  "classification": "rendition",
  "asset": {
    "mediaType": "image/jpeg",
    "height": 750,
    "fileName": "fashion3.jpg",
    "id": "0705626f-7130-4c7b-b454-ceb3e06ce23b",
    "resource": "0378b11f8031e48b7b5fe08b439ca98f",
    "fileSize": 257669,
    "width": 1200
  },
  "width": 800,
  "created": "2017-06-01T19:52:18.964Z"
}