{
  "scale": 0.6666666666666666,
  "locationY": 0,
  "height": 500,
  "locationX": 0,
  "rev": "1-60266bd5e8c81bf55c7ed83a7ee2dccc",
  "id": "adbbb6c8-d9a7-48b9-bfb6-7c26c274649b",
  "classification": "rendition",
  "asset": {
    "mediaType": "image/jpeg",
    "height": 750,
    "fileName": "tech1.jpg",
    "id": "7d3a7c74-e925-4a2a-b1d4-216729ecd96f",
    "resource": "7e77289913726152d98ccfbeae985e30",
    "fileSize": 115943,
    "width": 1200
  },
  "width": 800,
  "created": "2017-06-01T19:52:19.180Z"
}