{
  "scale": 0.6666666666666666,
  "locationY": 0,
  "height": 500,
  "locationX": 0,
  "rev": "1-d88ce90d230a83428271f417ce9f47d9",
  "id": "b1a2a32f-fb41-4be7-a946-0a86b35721ee",
  "classification": "rendition",
  "asset": {
    "mediaType": "image/jpeg",
    "height": 750,
    "fileName": "life1.jpg",
    "id": "0b94e1e5-f145-4d8d-92e0-6f51565204e2",
    "resource": "0378b11f8031e48b7b5fe08b439c926b",
    "fileSize": 118360,
    "width": 1200
  },
  "width": 800,
  "created": "2017-06-01T19:52:19.189Z"
}