{
  "scale": 0.6666666666666666,
  "locationY": 0,
  "height": 500,
  "locationX": 0,
  "rev": "1-f93f0b2c4483d1e3ab0dc30d4654a64b",
  "id": "bbc52a06-60bb-4a3d-8007-1a33172a62cc",
  "classification": "rendition",
  "asset": {
    "mediaType": "image/jpeg",
    "height": 750,
    "fileName": "ocean.jpg",
    "id": "0438e9cc-6c99-4a36-80b9-2a04ba70a997",
    "resource": "651f236ccf993be7c564fe1c7091dd6c",
    "fileSize": 151901,
    "width": 1200
  },
  "width": 800,
  "created": "2017-06-01T19:52:19.310Z"
}