{
  "scale": 0.6666666666666666,
  "locationY": 0,
  "height": 500,
  "locationX": 0,
  "rev": "1-2046df5814ff5d902164ad7d9df15f03",
  "id": "c0c67603-ad1d-4726-815e-c8bcdf487229",
  "classification": "rendition",
  "asset": {
    "mediaType": "image/jpeg",
    "height": 750,
    "fileName": "life2.jpg",
    "id": "6f1feea2-2d8a-4d5d-a6bc-4a68704c3eaf",
    "resource": "80f5c716ad9bd2142efe417175a4c8e8",
    "fileSize": 172416,
    "width": 1200
  },
  "width": 800,
  "created": "2017-06-01T19:52:19.491Z"
}