{
  "scale": 0.6666666666666666,
  "locationY": 0,
  "height": 500,
  "locationX": 0,
  "rev": "1-681680411bc57bea105104729e9334f3",
  "id": "c79fbf2b-a7dd-4422-b088-21dcecddc9df",
  "classification": "rendition",
  "asset": {
    "mediaType": "image/jpeg",
    "height": 750,
    "fileName": "life3.jpg",
    "id": "11a2f730-7f64-45d3-b50e-0567340594eb",
    "resource": "eb89adbc029c70ab96ffd4d35f7fbef9",
    "fileSize": 134347,
    "width": 1200
  },
  "width": 800,
  "created": "2017-06-01T19:52:19.504Z"
}