{
  "scale": 0.6666666666666666,
  "locationY": 0,
  "height": 500,
  "locationX": 0,
  "rev": "1-a07bfe05d8b505ef866e1af9b1e78c7a",
  "id": "fb98cfc9-3ff2-4735-95d7-1b19d5821260",
  "classification": "rendition",
  "asset": {
    "mediaType": "image/jpeg",
    "height": 750,
    "fileName": "fashion1.jpg",
    "id": "db1d6590-a740-4ebd-973c-afcc8ebd3b0c",
    "resource": "80f5c716ad9bd2142efe417175a51776",
    "fileSize": 156026,
    "width": 1200
  },
  "width": 800,
  "created": "2017-06-01T20:06:47.187Z"
}