{
  "mediaType": "image/jpeg",
  "name": "fashion4.jpg",
  "path": "/dxdam/4a/4ad7d863-a85f-40b0-845d-b267ebb3d884/fashion4.jpg",
  "digest": "ixdJbJl02O/ETpHZ/MwSeA==",
  "usageRights": {
    "categories": []
  },
  "assetType": "image",
  "lastModified": "2017-06-16T19:36:08.475Z",
  "description": "",
  "tags": {
    "values": [
      "classification:belt",
      "classification:weapon",
      "classification:leather",
      "classification:sheath",
      "classification:accessory",
      "classification:chin rest",
      "classification:shoe",
      "classification:reddish brown color",
      "classification:holster",
      "classification:tan color",
      "classification:support",
      "classification:device",
      "classification:gun",
      "classification:handmade",
      "classification:shoulder holster",
      "classification:firearm",
      "user:IBM sample",
      "user:sample"
    ],
    "declined": [],
    "suggested": [
      "classification:shoulder holster",
      "classification:sheath",
      "classification:holster",
      "classification:belt",
      "classification:accessory",
      "classification:chin rest",
      "classification:support",
      "classification:device",
      "classification:firearm",
      "classification:gun",
      "classification:weapon",
      "classification:reddish brown color",
      "classification:tan color"
    ],
    "analysis": "complete"
  },
  "altText": "",
  "categoryIds": [],
  "fileName": "fashion4.jpg",
  "creatorId": "7dae81a1-0f9a-4ca4-a8f5-811f641e6f8a",
  "rev": "7-e3e4910064e8fbb3381ede3373d16793",
  "cognitive": {
    "classifications": [
      "shoulder holster",
      "sheath",
      "holster",
      "belt",
      "accessory",
      "chin rest",
      "support",
      "device",
      "firearm",
      "gun",
      "weapon",
      "reddish brown color",
      "tan color"
    ],
    "faces": [],
    "colors": {
      "vibrant": "#ac7c4c",
      "muted": "#9c6c59",
      "darkVibrant": "#5b4228",
      "darkMuted": "#3a3744",
      "lightVibrant": "#e4c4a4",
      "lightMuted": "#cec4a3"
    },
    "status": "complete"
  },
  "id": "3c4bdf5d-aabe-443a-9211-1c428f536244",
  "resource": "7e77289913726152d98ccfbeae98e330",
  "fileSize": 140933,
  "status": "ready",
  "lastModifierId": "7dae81a1-0f9a-4ca4-a8f5-811f641e6f8a",
  "renditions": {
    "default": {
      "id": "r=7e77289913726152d98ccfbeae98e330&a=3c4bdf5d-aabe-443a-9211-1c428f536244",
      "source": "/authoring/v1/resources/7e77289913726152d98ccfbeae98e330"
    }
  },
  "metadata": {
    "width": 1200,
    "height": 750
  },
  "classification": "asset",
  "created": "2017-06-01T19:51:49.596Z",
  "creator": "Watson ContentHubTools",
  "lastModifier": "Watson ContentHubTools",
  "categories": [],
  "links": {
    "self": {
      "href": "/authoring/v1/assets/3c4bdf5d-aabe-443a-9211-1c428f536244"
    },
    "media": {
      "href": "/authoring/v1/resources/7e77289913726152d98ccfbeae98e330.jpg"
    },
    "thumbnail": {
      "href": "/authoring/v1/resources/7e77289913726152d98ccfbeae98e330?fit=inside%7C220:145"
    }
  }
}
