{
  "mediaType": "image/jpeg",
  "name": "fashion4.jpg",
  "path": "/dxdam/4a/4ad7d863-a85f-40b0-845d-b267ebb3d884/fashion4.jpg",
  "digest": "ixdJbJl02O/ETpHZ/MwSeA==",
  "assetType": "image",
  "lastModified": "2016-12-08T19:26:32.291Z",
  "description": "",
  "tags": {
    "values": [
      "classification:shoe",
      "classification:leather",
      "classification:handmade"
    ],
    "declined": [],
    "analysis": "complete",
    "suggested": [
      "classification:shoe",
      "classification:leather",
      "classification:handmade"
    ]
  },
  "categoryIds": [],
  "fileName": "fashion4.jpg",
  "creatorId": "f90132cb-afee-4c81-bb89-68ee29341f73",
  "rev": "3-2ca72c3ace2d9a3e5baf0bcbbdd5f377",
  "id": "3c4bdf5d-aabe-443a-9211-1c428f536244",
  "resource": "7e77289913726152d98ccfbeae98e330",
  "fileSize": 140933,
  "lastModifierId": "f90132cb-afee-4c81-bb89-68ee29341f73",
  "renditions": {
    "default": {
      "id": "4691acb9-e0a9-4b8e-9327-92edd83b8667",
      "source": "/authoring/v1/resources/7e77289913726152d98ccfbeae98e330"
    }
  },
  "classification": "asset",
  "created": "2016-12-08T15:24:09.283Z"
}