{
  "mediaType": "image/jpeg",
  "name": "fashion4.jpg",
  "path": "/dxdam/4a/4ad7d863-a85f-40b0-845d-b267ebb3d884/fashion4.jpg",
  "digest": "ixdJbJl02O/ETpHZ/MwSeA==",
  "assetType": "image",
  "lastModified": "2017-03-27T02:09:48.332Z",
  "description": "",
  "tags": {
    "values": [
      "classification:tan color",
      "classification:accessory",
      "classification:weapon",
      "classification:handmade",
      "classification:support",
      "classification:reddish brown color",
      "classification:sheath",
      "classification:shoe",
      "classification:gun",
      "classification:firearm",
      "classification:holster",
      "classification:chin rest",
      "classification:leather",
      "classification:shoulder holster",
      "classification:device",
      "classification:belt"
    ],
    "declined": [],
    "analysis": "complete",
    "suggested": [
      "classification:shoulder holster",
      "classification:sheath",
      "classification:holster",
      "classification:belt",
      "classification:accessory",
      "classification:chin rest",
      "classification:support",
      "classification:device",
      "classification:firearm",
      "classification:gun",
      "classification:weapon",
      "classification:reddish brown color",
      "classification:tan color"
    ]
  },
  "altText": "",
  "categoryIds": [],
  "fileName": "fashion4.jpg",
  "creatorId": "75969307-347d-4b20-a8e9-a95f7c42ef70",
  "rev": "2-7afdf493b0e1e38d7cdd12e9b2a13445",
  "cognitive": {
    "classifications": [
      "shoulder holster",
      "sheath",
      "holster",
      "belt",
      "accessory",
      "chin rest",
      "support",
      "device",
      "firearm",
      "gun",
      "weapon",
      "reddish brown color",
      "tan color"
    ],
    "faces": [],
    "status": "complete"
  },
  "id": "3c4bdf5d-aabe-443a-9211-1c428f536244",
  "resource": "7e77289913726152d98ccfbeae98e330",
  "fileSize": 140933,
  "lastModifierId": "75969307-347d-4b20-a8e9-a95f7c42ef70",
  "renditions": {
    "default": {
      "id": "4691acb9-e0a9-4b8e-9327-92edd83b8667",
      "source": "/authoring/v1/resources/7e77289913726152d98ccfbeae98e330"
    }
  },
  "metadata": {
    "width": 1200,
    "height": 750
  },
  "classification": "asset",
  "created": "2017-03-27T02:09:48.332Z"
}