{
  "mediaType": "image/jpeg",
  "name": "mountains.jpg",
  "path": "/dxdam/6f/6ffcb86e-2666-49b5-ae77-9ebe8a699072/mountains.jpg",
  "digest": "jMOdDZ+I7r0nJjBN2UbKug==",
  "assetType": "image",
  "lastModified": "2016-12-08T19:26:32.473Z",
  "description": "",
  "tags": {
    "values": [
      "classification:blue sky",
      "classification:mountain"
    ],
    "declined": [],
    "analysis": "complete",
    "suggested": [
      "classification:blue sky",
      "classification:mountain"
    ]
  },
  "categoryIds": [],
  "fileName": "mountains.jpg",
  "creatorId": "f90132cb-afee-4c81-bb89-68ee29341f73",
  "rev": "3-11d1da103df384b16d3fed9fbf1a8bf2",
  "id": "cadff799-e2be-42da-b877-1283b52c05c6",
  "resource": "06763fa56ceec4d5bcafb37b53dce2df",
  "fileSize": 282911,
  "lastModifierId": "f90132cb-afee-4c81-bb89-68ee29341f73",
  "renditions": {
    "default": {
      "id": "10b1cfc5-0186-487f-950b-ef9c79c1b30d",
      "source": "/authoring/v1/resources/06763fa56ceec4d5bcafb37b53dce2df"
    }
  },
  "classification": "asset",
  "created": "2016-12-08T15:19:55.535Z"
}