{
  "mediaType": "image/jpeg",
  "name": "mountains.jpg",
  "path": "/dxdam/6f/6ffcb86e-2666-49b5-ae77-9ebe8a699072/mountains.jpg",
  "digest": "jMOdDZ+I7r0nJjBN2UbKug==",
  "usageRights": {
    "categories": []
  },
  "assetType": "image",
  "lastModified": "2017-06-16T19:36:08.318Z",
  "description": "",
  "tags": {
    "values": [
      "classification:mountain range",
      "classification:mountain",
      "classification:extremum (peak)",
      "classification:nature",
      "classification:blue sky",
      "classification:blue color"
    ],
    "declined": [],
    "suggested": [
      "classification:mountain range",
      "classification:nature",
      "classification:extremum (peak)",
      "classification:blue color"
    ],
    "analysis": "complete"
  },
  "altText": "",
  "categoryIds": [],
  "fileName": "mountains.jpg",
  "creatorId": "7dae81a1-0f9a-4ca4-a8f5-811f641e6f8a",
  "rev": "7-a5127ae74a590e16b443046ddc976238",
  "cognitive": {
    "classifications": [
      "mountain range",
      "nature",
      "extremum (peak)",
      "blue color"
    ],
    "faces": [],
    "colors": {
      "vibrant": "#0e96b5",
      "muted": "#537e8a",
      "darkVibrant": "#075780",
      "darkMuted": "#444d44",
      "lightVibrant": "#e4d1c0",
      "lightMuted": "#aeb5b3"
    },
    "status": "complete"
  },
  "id": "cadff799-e2be-42da-b877-1283b52c05c6",
  "resource": "06763fa56ceec4d5bcafb37b53dce2df",
  "fileSize": 282911,
  "status": "ready",
  "lastModifierId": "7dae81a1-0f9a-4ca4-a8f5-811f641e6f8a",
  "renditions": {
    "default": {
      "id": "r=06763fa56ceec4d5bcafb37b53dce2df&a=cadff799-e2be-42da-b877-1283b52c05c6",
      "source": "/authoring/v1/resources/06763fa56ceec4d5bcafb37b53dce2df"
    }
  },
  "metadata": {
    "width": 1200,
    "height": 750
  },
  "classification": "asset",
  "created": "2017-06-01T19:51:58.445Z",
  "creator": "Watson ContentHubTools",
  "lastModifier": "Watson ContentHubTools",
  "categories": [],
  "links": {
    "self": {
      "href": "/authoring/v1/assets/cadff799-e2be-42da-b877-1283b52c05c6"
    },
    "media": {
      "href": "/authoring/v1/resources/06763fa56ceec4d5bcafb37b53dce2df.jpg"
    },
    "thumbnail": {
      "href": "/authoring/v1/resources/06763fa56ceec4d5bcafb37b53dce2df?fit=inside%7C220:145"
    }
  }
}