{
  "mediaType": "image/jpeg",
  "name": "mountains.jpg",
  "path": "/dxdam/6f/6ffcb86e-2666-49b5-ae77-9ebe8a699072/mountains.jpg",
  "digest": "jMOdDZ+I7r0nJjBN2UbKug==",
  "assetType": "image",
  "lastModified": "2017-03-27T02:09:48.150Z",
  "description": "",
  "tags": {
    "values": [
      "classification:mountain",
      "classification:extremum (peak)",
      "classification:nature",
      "classification:mountain range",
      "classification:blue color",
      "classification:blue sky"
    ],
    "declined": [],
    "analysis": "complete",
    "suggested": [
      "classification:mountain range",
      "classification:nature",
      "classification:extremum (peak)",
      "classification:blue color"
    ]
  },
  "altText": "",
  "categoryIds": [],
  "fileName": "mountains.jpg",
  "creatorId": "75969307-347d-4b20-a8e9-a95f7c42ef70",
  "rev": "2-535eaabcb285f188ef94e22a3f354d5c",
  "cognitive": {
    "classifications": [
      "mountain range",
      "nature",
      "extremum (peak)",
      "blue color"
    ],
    "faces": [],
    "status": "complete"
  },
  "id": "cadff799-e2be-42da-b877-1283b52c05c6",
  "resource": "06763fa56ceec4d5bcafb37b53dce2df",
  "fileSize": 282911,
  "lastModifierId": "75969307-347d-4b20-a8e9-a95f7c42ef70",
  "renditions": {
    "default": {
      "id": "10b1cfc5-0186-487f-950b-ef9c79c1b30d",
      "source": "/authoring/v1/resources/06763fa56ceec4d5bcafb37b53dce2df"
    }
  },
  "metadata": {
    "width": 1200,
    "height": 750
  },
  "classification": "asset",
  "created": "2017-03-27T02:09:48.150Z"
}