{
  "mediaType": "image/jpeg",
  "name": "life1.jpg",
  "path": "/dxdam/86/86f3b496-f4fa-4e4a-97fc-f9031522f7be/life1.jpg",
  "digest": "KJg5pBrB3M+/1pIeClsssQ==",
  "assetType": "image",
  "lastModified": "2017-03-27T02:09:46.725Z",
  "description": "",
  "tags": {
    "values": [
      "classification:black color",
      "classification:band",
      "classification:lamp",
      "classification:motley dress",
      "classification:multi panel pictures/art",
      "classification:concert",
      "classification:rock",
      "classification:fabric",
      "classification:vigil light",
      "classification:device"
    ],
    "declined": [],
    "analysis": "complete",
    "suggested": [
      "classification:multi panel pictures/art",
      "classification:vigil light",
      "classification:lamp",
      "classification:device",
      "classification:concert",
      "classification:motley dress",
      "classification:fabric",
      "classification:black color"
    ]
  },
  "altText": "",
  "categoryIds": [],
  "fileName": "life1.jpg",
  "creatorId": "75969307-347d-4b20-a8e9-a95f7c42ef70",
  "rev": "2-67d41d57803e1ecd3d722010e885ff0c",
  "cognitive": {
    "classifications": [
      "multi panel pictures/art",
      "vigil light",
      "lamp",
      "device",
      "concert",
      "motley dress",
      "fabric",
      "black color"
    ],
    "faces": [],
    "status": "complete"
  },
  "id": "0b94e1e5-f145-4d8d-92e0-6f51565204e2",
  "resource": "0378b11f8031e48b7b5fe08b439c926b",
  "fileSize": 118360,
  "lastModifierId": "75969307-347d-4b20-a8e9-a95f7c42ef70",
  "renditions": {
    "default": {
      "id": "fc78fda1-d3d8-4a74-a99c-18fb46a108a6",
      "source": "/authoring/v1/resources/0378b11f8031e48b7b5fe08b439c926b"
    }
  },
  "metadata": {
    "width": 1200,
    "height": 750
  },
  "classification": "asset",
  "created": "2017-03-27T02:09:46.725Z"
}