{
  "mediaType": "image/jpeg",
  "name": "life1.jpg",
  "path": "/dxdam/86/86f3b496-f4fa-4e4a-97fc-f9031522f7be/life1.jpg",
  "digest": "KJg5pBrB3M+/1pIeClsssQ==",
  "assetType": "image",
  "lastModified": "2016-12-08T19:26:32.353Z",
  "description": "",
  "tags": {
    "values": [
      "classification:rock",
      "classification:band"
    ],
    "declined": [],
    "analysis": "complete",
    "suggested": [
      "classification:rock",
      "classification:band"
    ]
  },
  "categoryIds": [],
  "fileName": "life1.jpg",
  "creatorId": "f90132cb-afee-4c81-bb89-68ee29341f73",
  "rev": "3-93f7e7eabefe254d1f42a6458f9041f4",
  "id": "0b94e1e5-f145-4d8d-92e0-6f51565204e2",
  "resource": "0378b11f8031e48b7b5fe08b439c926b",
  "fileSize": 118360,
  "lastModifierId": "f90132cb-afee-4c81-bb89-68ee29341f73",
  "renditions": {
    "default": {
      "id": "fc78fda1-d3d8-4a74-a99c-18fb46a108a6",
      "source": "/authoring/v1/resources/0378b11f8031e48b7b5fe08b439c926b"
    }
  },
  "classification": "asset",
  "created": "2016-12-08T15:23:03.984Z"
}