{
  "mediaType": "image/jpeg",
  "name": "life1.jpg",
  "path": "/dxdam/86/86f3b496-f4fa-4e4a-97fc-f9031522f7be/life1.jpg",
  "digest": "KJg5pBrB3M+/1pIeClsssQ==",
  "usageRights": {
    "categories": []
  },
  "assetType": "image",
  "lastModified": "2017-06-16T19:36:10.228Z",
  "description": "",
  "tags": {
    "values": [
      "classification:black color",
      "classification:lamp",
      "classification:rock",
      "classification:band",
      "classification:motley dress",
      "classification:fabric",
      "classification:device",
      "classification:multi panel pictures/art",
      "classification:vigil light",
      "classification:concert",
      "user:IBM sample",
      "user:sample"
    ],
    "declined": [],
    "suggested": [
      "classification:multi panel pictures/art",
      "classification:vigil light",
      "classification:lamp",
      "classification:device",
      "classification:concert",
      "classification:motley dress",
      "classification:fabric",
      "classification:black color"
    ],
    "analysis": "complete"
  },
  "altText": "",
  "categoryIds": [],
  "fileName": "life1.jpg",
  "creatorId": "7dae81a1-0f9a-4ca4-a8f5-811f641e6f8a",
  "rev": "7-7bd1767c1cd17856ebf9c480e4d1e435",
  "cognitive": {
    "classifications": [
      "multi panel pictures/art",
      "vigil light",
      "lamp",
      "device",
      "concert",
      "motley dress",
      "fabric",
      "black color"
    ],
    "faces": [],
    "colors": {
      "vibrant": "#f4a64a",
      "muted": "#987b63",
      "darkVibrant": "#714434",
      "darkMuted": "#4f403b",
      "lightVibrant": "#f9b582",
      "lightMuted": "#d4c1ac"
    },
    "status": "complete"
  },
  "id": "0b94e1e5-f145-4d8d-92e0-6f51565204e2",
  "resource": "0378b11f8031e48b7b5fe08b439c926b",
  "fileSize": 118360,
  "status": "ready",
  "lastModifierId": "7dae81a1-0f9a-4ca4-a8f5-811f641e6f8a",
  "renditions": {
    "default": {
      "id": "r=0378b11f8031e48b7b5fe08b439c926b&a=0b94e1e5-f145-4d8d-92e0-6f51565204e2",
      "source": "/authoring/v1/resources/0378b11f8031e48b7b5fe08b439c926b"
    }
  },
  "metadata": {
    "width": 1200,
    "height": 750
  },
  "classification": "asset",
  "created": "2017-06-01T19:52:00.784Z",
  "creator": "Watson ContentHubTools",
  "lastModifier": "Watson ContentHubTools",
  "categories": [],
  "links": {
    "self": {
      "href": "/authoring/v1/assets/0b94e1e5-f145-4d8d-92e0-6f51565204e2"
    },
    "media": {
      "href": "/authoring/v1/resources/0378b11f8031e48b7b5fe08b439c926b.jpg"
    },
    "thumbnail": {
      "href": "/authoring/v1/resources/0378b11f8031e48b7b5fe08b439c926b?fit=inside%7C220:145"
    }
  }
}
