{
  "mediaType": "image/jpeg",
  "name": "ocean.jpg",
  "path": "/dxdam/b6/b6dab262-293d-46a1-80cb-4b4c5c602deb/ocean.jpg",
  "digest": "Cp9UTDSIvdA/TfD1dFBhRQ==",
  "assetType": "image",
  "lastModified": "2017-03-27T02:09:46.754Z",
  "description": "",
  "tags": {
    "values": [
      "classification:surf",
      "classification:azure color",
      "classification:swell (elevation in oceanfloor)",
      "classification:ocean",
      "classification:sea",
      "classification:spume (froth)",
      "classification:nature",
      "classification:ice mass",
      "classification:beach",
      "classification:icecap",
      "classification:wave",
      "classification:bubble"
    ],
    "declined": [],
    "analysis": "complete",
    "suggested": [
      "classification:icecap",
      "classification:ice mass",
      "classification:nature",
      "classification:spume (froth)",
      "classification:bubble",
      "classification:wave",
      "classification:swell (elevation in oceanfloor)",
      "classification:azure color"
    ]
  },
  "altText": "",
  "categoryIds": [],
  "fileName": "ocean.jpg",
  "creatorId": "75969307-347d-4b20-a8e9-a95f7c42ef70",
  "rev": "2-6ade91adf003abb6c59ae150d5e8e6f6",
  "cognitive": {
    "classifications": [
      "icecap",
      "ice mass",
      "nature",
      "spume (froth)",
      "bubble",
      "wave",
      "swell (elevation in oceanfloor)",
      "azure color"
    ],
    "faces": [],
    "status": "complete"
  },
  "id": "0438e9cc-6c99-4a36-80b9-2a04ba70a997",
  "resource": "651f236ccf993be7c564fe1c7091dd6c",
  "fileSize": 151901,
  "lastModifierId": "75969307-347d-4b20-a8e9-a95f7c42ef70",
  "renditions": {
    "default": {
      "id": "6a6cd378-1fcb-4cbf-908d-1d5f4063b09f",
      "source": "/authoring/v1/resources/651f236ccf993be7c564fe1c7091dd6c"
    }
  },
  "metadata": {
    "width": 1200,
    "height": 750
  },
  "classification": "asset",
  "created": "2017-03-27T02:09:46.754Z"
}