{
  "mediaType": "image/jpeg",
  "name": "ocean.jpg",
  "path": "/dxdam/b6/b6dab262-293d-46a1-80cb-4b4c5c602deb/ocean.jpg",
  "digest": "Cp9UTDSIvdA/TfD1dFBhRQ==",
  "usageRights": {
    "categories": []
  },
  "assetType": "image",
  "lastModified": "2017-06-16T19:36:10.157Z",
  "description": "",
  "tags": {
    "values": [
      "classification:azure color",
      "classification:spume (froth)",
      "classification:surf",
      "classification:bubble",
      "classification:icecap",
      "classification:nature",
      "classification:swell (elevation in oceanfloor)",
      "classification:ocean",
      "classification:wave",
      "classification:ice mass",
      "classification:sea",
      "classification:beach"
    ],
    "declined": [],
    "suggested": [
      "classification:icecap",
      "classification:ice mass",
      "classification:nature",
      "classification:spume (froth)",
      "classification:bubble",
      "classification:wave",
      "classification:swell (elevation in oceanfloor)",
      "classification:azure color"
    ],
    "analysis": "complete"
  },
  "altText": "",
  "categoryIds": [],
  "fileName": "ocean.jpg",
  "creatorId": "7dae81a1-0f9a-4ca4-a8f5-811f641e6f8a",
  "rev": "7-94d0a1e21a3ecfd3cf599ea72b7b551f",
  "cognitive": {
    "classifications": [
      "icecap",
      "ice mass",
      "nature",
      "spume (froth)",
      "bubble",
      "wave",
      "swell (elevation in oceanfloor)",
      "azure color"
    ],
    "faces": [],
    "colors": {
      "vibrant": "#346d7d",
      "muted": "#4d7991",
      "darkVibrant": "#1c4954",
      "darkMuted": "#39566a",
      "lightVibrant": "#acccda",
      "lightMuted": "#a1bbcf"
    },
    "status": "complete"
  },
  "id": "0438e9cc-6c99-4a36-80b9-2a04ba70a997",
  "resource": "651f236ccf993be7c564fe1c7091dd6c",
  "fileSize": 151901,
  "status": "ready",
  "lastModifierId": "7dae81a1-0f9a-4ca4-a8f5-811f641e6f8a",
  "renditions": {
    "default": {
      "id": "r=651f236ccf993be7c564fe1c7091dd6c&a=0438e9cc-6c99-4a36-80b9-2a04ba70a997",
      "source": "/authoring/v1/resources/651f236ccf993be7c564fe1c7091dd6c"
    }
  },
  "metadata": {
    "width": 1200,
    "height": 750
  },
  "classification": "asset",
  "created": "2017-06-01T19:52:07.658Z",
  "creator": "Watson ContentHubTools",
  "lastModifier": "Watson ContentHubTools",
  "categories": [],
  "links": {
    "self": {
      "href": "/authoring/v1/assets/0438e9cc-6c99-4a36-80b9-2a04ba70a997"
    },
    "media": {
      "href": "/authoring/v1/resources/651f236ccf993be7c564fe1c7091dd6c.jpg"
    },
    "thumbnail": {
      "href": "/authoring/v1/resources/651f236ccf993be7c564fe1c7091dd6c?fit=inside%7C220:145"
    }
  }
}