{
  "mediaType": "image/jpeg",
  "name": "ocean.jpg",
  "path": "/dxdam/b6/b6dab262-293d-46a1-80cb-4b4c5c602deb/ocean.jpg",
  "digest": "Cp9UTDSIvdA/TfD1dFBhRQ==",
  "assetType": "image",
  "lastModified": "2016-12-08T15:18:57.596Z",
  "description": "",
  "tags": {
    "values": [
      "classification:surf",
      "classification:ocean",
      "classification:sea",
      "classification:beach",
      "classification:wave"
    ],
    "declined": [],
    "analysis": "complete",
    "suggested": [
      "classification:wave",
      "classification:sea",
      "classification:surf",
      "classification:ocean",
      "classification:beach"
    ]
  },
  "categoryIds": [],
  "fileName": "ocean.jpg",
  "creatorId": "f90132cb-afee-4c81-bb89-68ee29341f73",
  "rev": "2-3856c314ac1791826096ae7d1032098a",
  "id": "0438e9cc-6c99-4a36-80b9-2a04ba70a997",
  "resource": "651f236ccf993be7c564fe1c7091dd6c",
  "fileSize": 151901,
  "lastModifierId": "f90132cb-afee-4c81-bb89-68ee29341f73",
  "renditions": {
    "default": {
      "id": "6a6cd378-1fcb-4cbf-908d-1d5f4063b09f",
      "source": "/authoring/v1/resources/651f236ccf993be7c564fe1c7091dd6c"
    }
  },
  "classification": "asset",
  "created": "2016-12-08T15:18:57.596Z"
}