{
  "mediaType": "image/jpeg",
  "name": "village.jpg",
  "path": "/dxdam/1e/1ea45df5-301f-4f38-8b54-9f261518e0ed/village.jpg",
  "digest": "ZpGVKPkFskIgfUsWduLvzA==",
  "assetType": "image",
  "lastModified": "2016-12-08T15:17:46.974Z",
  "description": "",
  "tags": {
    "values": [
      "classification:sea"
    ],
    "declined": [],
    "analysis": "complete",
    "suggested": [
      "classification:sea"
    ]
  },
  "categoryIds": [],
  "fileName": "village.jpg",
  "creatorId": "f90132cb-afee-4c81-bb89-68ee29341f73",
  "rev": "2-78c0f0c97f8390ea9b7771051a57ff0e",
  "id": "4a613d7b-25af-42b8-b27f-665d4343b024",
  "resource": "0378b11f8031e48b7b5fe08b439bd501",
  "fileSize": 372232,
  "lastModifierId": "f90132cb-afee-4c81-bb89-68ee29341f73",
  "renditions": {
    "default": {
      "id": "97283cfe-3136-4cfe-8ae3-3823cf9f045a",
      "source": "/authoring/v1/resources/0378b11f8031e48b7b5fe08b439bd501"
    }
  },
  "classification": "asset",
  "created": "2016-12-08T15:17:46.974Z"
}