{
  "mediaType": "image/jpeg",
  "name": "village.jpg",
  "path": "/dxdam/1e/1ea45df5-301f-4f38-8b54-9f261518e0ed/village.jpg",
  "digest": "ZpGVKPkFskIgfUsWduLvzA==",
  "usageRights": {
    "categories": []
  },
  "assetType": "image",
  "lastModified": "2017-06-16T19:36:08.488Z",
  "description": "",
  "tags": {
    "values": [
      "classification:bluff (steep sliff/bank)",
      "classification:sea green color",
      "classification:nature",
      "classification:cliff",
      "classification:blue color",
      "classification:ridge",
      "classification:sea",
      "classification:precipice"
    ],
    "declined": [],
    "suggested": [
      "classification:cliff",
      "classification:nature",
      "classification:bluff (steep sliff/bank)",
      "classification:ridge",
      "classification:precipice",
      "classification:sea green color",
      "classification:blue color"
    ],
    "analysis": "complete"
  },
  "altText": "",
  "categoryIds": [],
  "fileName": "village.jpg",
  "creatorId": "7dae81a1-0f9a-4ca4-a8f5-811f641e6f8a",
  "rev": "7-2777c3063d211755341d8bec87a17ab7",
  "cognitive": {
    "classifications": [
      "cliff",
      "nature",
      "bluff (steep sliff/bank)",
      "ridge",
      "precipice",
      "sea green color",
      "blue color"
    ],
    "faces": [],
    "colors": {
      "vibrant": "#c66b50",
      "muted": "#a67964",
      "darkVibrant": "#693c24",
      "darkMuted": "#54433a",
      "lightVibrant": "#d2a796",
      "lightMuted": "#b7bcda"
    },
    "status": "complete"
  },
  "id": "4a613d7b-25af-42b8-b27f-665d4343b024",
  "resource": "0378b11f8031e48b7b5fe08b439bd501",
  "fileSize": 372232,
  "status": "ready",
  "lastModifierId": "7dae81a1-0f9a-4ca4-a8f5-811f641e6f8a",
  "renditions": {
    "default": {
      "id": "r=0378b11f8031e48b7b5fe08b439bd501&a=4a613d7b-25af-42b8-b27f-665d4343b024",
      "source": "/authoring/v1/resources/0378b11f8031e48b7b5fe08b439bd501"
    }
  },
  "metadata": {
    "width": 1200,
    "height": 750
  },
  "classification": "asset",
  "created": "2017-06-01T19:53:35.243Z",
  "creator": "Watson ContentHubTools",
  "lastModifier": "Watson ContentHubTools",
  "categories": [],
  "links": {
    "self": {
      "href": "/authoring/v1/assets/4a613d7b-25af-42b8-b27f-665d4343b024"
    },
    "media": {
      "href": "/authoring/v1/resources/0378b11f8031e48b7b5fe08b439bd501.jpg"
    },
    "thumbnail": {
      "href": "/authoring/v1/resources/0378b11f8031e48b7b5fe08b439bd501?fit=inside%7C220:145"
    }
  }
}