{
  "mediaType": "image/jpeg",
  "name": "village.jpg",
  "path": "/dxdam/1e/1ea45df5-301f-4f38-8b54-9f261518e0ed/village.jpg",
  "digest": "ZpGVKPkFskIgfUsWduLvzA==",
  "assetType": "image",
  "lastModified": "2017-03-27T02:09:45.204Z",
  "description": "",
  "tags": {
    "values": [
      "classification:cliff",
      "classification:ridge",
      "classification:sea",
      "classification:nature",
      "classification:sea green color",
      "classification:blue color",
      "classification:precipice",
      "classification:bluff (steep sliff/bank)"
    ],
    "declined": [],
    "analysis": "complete",
    "suggested": [
      "classification:cliff",
      "classification:nature",
      "classification:bluff (steep sliff/bank)",
      "classification:ridge",
      "classification:precipice",
      "classification:sea green color",
      "classification:blue color"
    ]
  },
  "altText": "",
  "categoryIds": [],
  "fileName": "village.jpg",
  "creatorId": "75969307-347d-4b20-a8e9-a95f7c42ef70",
  "rev": "2-cbecbb320a0aba6d14f0d5349c03e450",
  "cognitive": {
    "classifications": [
      "cliff",
      "nature",
      "bluff (steep sliff/bank)",
      "ridge",
      "precipice",
      "sea green color",
      "blue color"
    ],
    "faces": [],
    "status": "complete"
  },
  "id": "4a613d7b-25af-42b8-b27f-665d4343b024",
  "resource": "0378b11f8031e48b7b5fe08b439bd501",
  "fileSize": 372232,
  "lastModifierId": "75969307-347d-4b20-a8e9-a95f7c42ef70",
  "renditions": {
    "default": {
      "id": "97283cfe-3136-4cfe-8ae3-3823cf9f045a",
      "source": "/authoring/v1/resources/0378b11f8031e48b7b5fe08b439bd501"
    }
  },
  "metadata": {
    "width": 1200,
    "height": 750
  },
  "classification": "asset",
  "created": "2017-03-27T02:09:45.204Z"
}