{
  "mediaType": "image/jpeg",
  "name": "life3.jpg",
  "path": "/dxdam/7a/7a164474-ef6b-4350-8dc3-ebaaab46968d/life3.jpg",
  "digest": "QU1DHkOS3NTR+NKH+7AcLQ==",
  "assetType": "image",
  "lastModified": "2016-12-08T19:26:32.284Z",
  "description": "",
  "tags": {
    "values": [],
    "declined": [],
    "analysis": "complete",
    "suggested": []
  },
  "categoryIds": [],
  "fileName": "life3.jpg",
  "creatorId": "f90132cb-afee-4c81-bb89-68ee29341f73",
  "rev": "3-78a9c77722f8594648543317e4280681",
  "id": "11a2f730-7f64-45d3-b50e-0567340594eb",
  "resource": "eb89adbc029c70ab96ffd4d35f7fbef9",
  "fileSize": 134347,
  "lastModifierId": "f90132cb-afee-4c81-bb89-68ee29341f73",
  "renditions": {
    "default": {
      "id": "afe9900e-2a9c-4eec-956e-e81a9c720a6e",
      "source": "/authoring/v1/resources/eb89adbc029c70ab96ffd4d35f7fbef9"
    }
  },
  "classification": "asset",
  "created": "2016-12-08T15:22:16.124Z"
}