{
  "mediaType": "image/jpeg",
  "name": "life3.jpg",
  "path": "/dxdam/7a/7a164474-ef6b-4350-8dc3-ebaaab46968d/life3.jpg",
  "digest": "QU1DHkOS3NTR+NKH+7AcLQ==",
  "assetType": "image",
  "lastModified": "2017-03-27T02:09:45.282Z",
  "description": "",
  "tags": {
    "values": [
      "classification:oceanfront",
      "classification:tent",
      "classification:nature",
      "classification:blue color",
      "classification:shelter",
      "classification:cabana (roofed tent)",
      "classification:chocolate color",
      "classification:gazebo (roofed structure)",
      "classification:building"
    ],
    "declined": [],
    "analysis": "complete",
    "suggested": [
      "classification:gazebo (roofed structure)",
      "classification:building",
      "classification:cabana (roofed tent)",
      "classification:tent",
      "classification:shelter",
      "classification:oceanfront",
      "classification:nature",
      "classification:blue color",
      "classification:chocolate color"
    ]
  },
  "altText": "",
  "categoryIds": [],
  "fileName": "life3.jpg",
  "creatorId": "75969307-347d-4b20-a8e9-a95f7c42ef70",
  "rev": "2-d51ff672d34885f630d03be022fe77fb",
  "cognitive": {
    "classifications": [
      "gazebo (roofed structure)",
      "building",
      "cabana (roofed tent)",
      "tent",
      "shelter",
      "oceanfront",
      "nature",
      "blue color",
      "chocolate color"
    ],
    "faces": [],
    "status": "complete"
  },
  "id": "11a2f730-7f64-45d3-b50e-0567340594eb",
  "resource": "eb89adbc029c70ab96ffd4d35f7fbef9",
  "fileSize": 134347,
  "lastModifierId": "75969307-347d-4b20-a8e9-a95f7c42ef70",
  "renditions": {
    "default": {
      "id": "afe9900e-2a9c-4eec-956e-e81a9c720a6e",
      "source": "/authoring/v1/resources/eb89adbc029c70ab96ffd4d35f7fbef9"
    }
  },
  "metadata": {
    "width": 1200,
    "height": 750
  },
  "classification": "asset",
  "created": "2017-03-27T02:09:45.282Z"
}