{
  "mediaType": "image/jpeg",
  "name": "life3.jpg",
  "path": "/dxdam/7a/7a164474-ef6b-4350-8dc3-ebaaab46968d/life3.jpg",
  "digest": "QU1DHkOS3NTR+NKH+7AcLQ==",
  "usageRights": {
    "categories": []
  },
  "assetType": "image",
  "lastModified": "2017-06-16T19:36:11.771Z",
  "description": "",
  "tags": {
    "values": [
      "classification:chocolate color",
      "classification:cabana (roofed tent)",
      "classification:building",
      "classification:shelter",
      "classification:nature",
      "classification:blue color",
      "classification:tent",
      "classification:oceanfront",
      "classification:gazebo (roofed structure)"
    ],
    "declined": [],
    "suggested": [
      "classification:gazebo (roofed structure)",
      "classification:building",
      "classification:cabana (roofed tent)",
      "classification:tent",
      "classification:shelter",
      "classification:oceanfront",
      "classification:nature",
      "classification:blue color",
      "classification:chocolate color"
    ],
    "analysis": "complete"
  },
  "altText": "",
  "categoryIds": [],
  "fileName": "life3.jpg",
  "creatorId": "7dae81a1-0f9a-4ca4-a8f5-811f641e6f8a",
  "rev": "7-76b1b82f4173a59f77e46a53365f28bc",
  "cognitive": {
    "classifications": [
      "gazebo (roofed structure)",
      "building",
      "cabana (roofed tent)",
      "tent",
      "shelter",
      "oceanfront",
      "nature",
      "blue color",
      "chocolate color"
    ],
    "faces": [],
    "colors": {
      "vibrant": "#c56c52",
      "muted": "#917b6d",
      "darkVibrant": "#0f5e78",
      "darkMuted": "#685040",
      "lightVibrant": "#94c4dc",
      "lightMuted": "#a7c2cd"
    },
    "status": "complete"
  },
  "id": "11a2f730-7f64-45d3-b50e-0567340594eb",
  "resource": "eb89adbc029c70ab96ffd4d35f7fbef9",
  "fileSize": 134347,
  "status": "ready",
  "lastModifierId": "7dae81a1-0f9a-4ca4-a8f5-811f641e6f8a",
  "renditions": {
    "default": {
      "id": "r=eb89adbc029c70ab96ffd4d35f7fbef9&a=11a2f730-7f64-45d3-b50e-0567340594eb",
      "source": "/authoring/v1/resources/eb89adbc029c70ab96ffd4d35f7fbef9"
    }
  },
  "metadata": {
    "width": 1200,
    "height": 750
  },
  "classification": "asset",
  "created": "2017-06-01T19:52:01.092Z",
  "creator": "Watson ContentHubTools",
  "lastModifier": "Watson ContentHubTools",
  "categories": [],
  "links": {
    "self": {
      "href": "/authoring/v1/assets/11a2f730-7f64-45d3-b50e-0567340594eb"
    },
    "media": {
      "href": "/authoring/v1/resources/eb89adbc029c70ab96ffd4d35f7fbef9.jpg"
    },
    "thumbnail": {
      "href": "/authoring/v1/resources/eb89adbc029c70ab96ffd4d35f7fbef9?fit=inside%7C220:145"
    }
  }
}