{
  "mediaType": "image/jpeg",
  "name": "fashion3.jpg",
  "path": "/dxdam/2c/2c4ec410-e43c-4bbd-a22f-2e85cbb98029/fashion3.jpg",
  "digest": "SsIszY8hnDyFtxOnIxEEEg==",
  "assetType": "image",
  "lastModified": "2017-03-27T02:09:46.223Z",
  "description": "",
  "tags": {
    "values": [
      "classification:bowler hat",
      "classification:people",
      "classification:hat",
      "classification:coal black color",
      "classification:person",
      "classification:headdress"
    ],
    "declined": [],
    "analysis": "complete",
    "suggested": [
      "classification:person",
      "classification:bowler hat",
      "classification:hat",
      "classification:headdress",
      "classification:people",
      "classification:coal black color"
    ]
  },
  "altText": "",
  "categoryIds": [],
  "fileName": "fashion3.jpg",
  "creatorId": "75969307-347d-4b20-a8e9-a95f7c42ef70",
  "rev": "2-a60642c1fdd6bac2a88894b5b9a062d9",
  "cognitive": {
    "classifications": [
      "person",
      "bowler hat",
      "hat",
      "headdress",
      "people",
      "coal black color"
    ],
    "faces": [],
    "status": "complete"
  },
  "id": "0705626f-7130-4c7b-b454-ceb3e06ce23b",
  "resource": "0378b11f8031e48b7b5fe08b439ca98f",
  "fileSize": 257669,
  "lastModifierId": "75969307-347d-4b20-a8e9-a95f7c42ef70",
  "renditions": {
    "default": {
      "id": "9dbecb45-5848-456a-9ffe-ff67196790d3",
      "source": "/authoring/v1/resources/0378b11f8031e48b7b5fe08b439ca98f"
    }
  },
  "metadata": {
    "width": 1200,
    "height": 750,
    "creator": "Clem Onojeghuo",
    "rights": "Free (do whatever you want) high-resolution photos. unsplash.com/license"
  },
  "classification": "asset",
  "created": "2017-03-27T02:09:46.223Z"
}