{
  "mediaType": "image/jpeg",
  "name": "fashion3.jpg",
  "path": "/dxdam/2c/2c4ec410-e43c-4bbd-a22f-2e85cbb98029/fashion3.jpg",
  "digest": "SsIszY8hnDyFtxOnIxEEEg==",
  "usageRights": {
    "categories": []
  },
  "assetType": "image",
  "lastModified": "2017-06-16T19:36:08.486Z",
  "description": "",
  "tags": {
    "values": [
      "classification:person",
      "classification:bowler hat",
      "classification:hat",
      "classification:people",
      "classification:headdress",
      "classification:coal black color"
    ],
    "declined": [],
    "suggested": [
      "classification:person",
      "classification:bowler hat",
      "classification:hat",
      "classification:headdress",
      "classification:people",
      "classification:coal black color"
    ],
    "analysis": "complete"
  },
  "altText": "",
  "categoryIds": [],
  "fileName": "fashion3.jpg",
  "creatorId": "7dae81a1-0f9a-4ca4-a8f5-811f641e6f8a",
  "rev": "7-27a96676735eee221bf169c18a4e95e6",
  "cognitive": {
    "classifications": [
      "person",
      "bowler hat",
      "hat",
      "headdress",
      "people",
      "coal black color"
    ],
    "faces": [],
    "colors": {
      "vibrant": "#a8643c",
      "muted": "#a97d54",
      "darkVibrant": "#6c3c24",
      "darkMuted": "#453f38",
      "lightVibrant": "#d4bca4",
      "lightMuted": "#ccc4bc"
    },
    "status": "complete"
  },
  "id": "0705626f-7130-4c7b-b454-ceb3e06ce23b",
  "resource": "0378b11f8031e48b7b5fe08b439ca98f",
  "fileSize": 257669,
  "status": "ready",
  "lastModifierId": "7dae81a1-0f9a-4ca4-a8f5-811f641e6f8a",
  "renditions": {
    "default": {
      "id": "r=0378b11f8031e48b7b5fe08b439ca98f&a=0705626f-7130-4c7b-b454-ceb3e06ce23b",
      "source": "/authoring/v1/resources/0378b11f8031e48b7b5fe08b439ca98f"
    }
  },
  "metadata": {
    "width": 1200,
    "height": 750,
    "creator": "Clem Onojeghuo",
    "rights": "Free (do whatever you want) high-resolution photos. unsplash.com/license"
  },
  "classification": "asset",
  "created": "2017-06-01T19:51:49.321Z",
  "creator": "Watson ContentHubTools",
  "lastModifier": "Watson ContentHubTools",
  "categories": [],
  "links": {
    "self": {
      "href": "/authoring/v1/assets/0705626f-7130-4c7b-b454-ceb3e06ce23b"
    },
    "media": {
      "href": "/authoring/v1/resources/0378b11f8031e48b7b5fe08b439ca98f.jpg"
    },
    "thumbnail": {
      "href": "/authoring/v1/resources/0378b11f8031e48b7b5fe08b439ca98f?fit=inside%7C220:145"
    }
  }
}