{
  "mediaType": "image/jpeg",
  "name": "fashion3.jpg",
  "path": "/dxdam/2c/2c4ec410-e43c-4bbd-a22f-2e85cbb98029/fashion3.jpg",
  "digest": "SsIszY8hnDyFtxOnIxEEEg==",
  "assetType": "image",
  "lastModified": "2016-12-08T19:26:32.474Z",
  "description": "",
  "tags": {
    "values": [
      "classification:person"
    ],
    "declined": [],
    "analysis": "complete",
    "suggested": [
      "classification:person"
    ]
  },
  "categoryIds": [],
  "fileName": "fashion3.jpg",
  "creatorId": "f90132cb-afee-4c81-bb89-68ee29341f73",
  "rev": "3-e9483664e3fe221bb4f1cd3552383b6d",
  "id": "0705626f-7130-4c7b-b454-ceb3e06ce23b",
  "resource": "0378b11f8031e48b7b5fe08b439ca98f",
  "fileSize": 257669,
  "lastModifierId": "f90132cb-afee-4c81-bb89-68ee29341f73",
  "renditions": {
    "default": {
      "id": "9dbecb45-5848-456a-9ffe-ff67196790d3",
      "source": "/authoring/v1/resources/0378b11f8031e48b7b5fe08b439ca98f"
    }
  },
  "classification": "asset",
  "created": "2016-12-08T15:23:41.228Z"
}