{
  "id": "24490027-e55b-4739-a5a9-5c091c5d4a72",
  "rev": "1-4dbb1bf2a20d9b7fe82fdcd56aa73e0c",
  "name": "Article",
  "classification": "content-type",
  "description": "",
  "creator": "Watson ContentHubTools",
  "creatorId": "75969307-347d-4b20-a8e9-a95f7c42ef70",
  "created": "2016-11-16T15:33:44.285Z",
  "lastModifier": "Watson ContentHubTools",
  "lastModifierId": "75969307-347d-4b20-a8e9-a95f7c42ef70",
  "lastModified": "2017-03-27T02:09:52.644Z",
  "status": "ready",
  "tags": [],
  "elements": [
    {
      "key": "title",
      "label": "Title",
      "elementType": "text",
      "displayType": "singleLine"
    },
    {
      "key": "summary",
      "label": "Summary",
      "elementType": "text",
      "displayType": "singleLine"
    },
    {
      "key": "author",
      "label": "Author",
      "elementType": "text",
      "displayType": "singleLine"
    },
    {
      "key": "body",
      "label": "Body",
      "elementType": "text",
      "displayType": "multiLine",
      "displayWidth": 100,
      "displayHeight": 10
    },
    {
      "key": "image",
      "label": "Image",
      "elementType": "image",
      "acceptType": [
        "jpg",
        "jpeg",
        "png",
        "gif"
      ],
      "imageProfileId": "bd89571a-edc0-4f8b-b90a-ada4c8436a39"
    },
    {
      "key": "publishDate",
      "label": "Publish Date",
      "elementType": "datetime",
      "fieldType": "date"
    },
    {
      "key": "category",
      "label": "Category",
      "elementType": "category",
      "restrictedParents": [
        "59f05dd9116cf0ee47c23903bd563ea7"
      ]
    }
  ]
}