{
  "id": "24490027-e55b-4739-a5a9-5c091c5d4a72",
  "rev": "10-04b2014776b90e1b4eed7112c2eb32fb",
  "name": "Sample Article",
  "classification": "content-type",
  "description": "",
  "creator": "Watson ContentHubTools",
  "creatorId": "7dae81a1-0f9a-4ca4-a8f5-811f641e6f8a",
  "created": "2016-11-16T15:33:44.285Z",
  "lastModifier": "Watson ContentHubTools",
  "lastModifierId": "7dae81a1-0f9a-4ca4-a8f5-811f641e6f8a",
  "lastModified": "2017-06-16T19:36:29.975Z",
  "status": "ready",
  "tags": [
    "sample",
    "IBM sample"
  ],
  "elements": [
    {
      "key": "title",
      "label": "Title",
      "elementType": "text",
      "displayType": "singleLine"
    },
    {
      "key": "summary",
      "label": "Summary",
      "elementType": "text",
      "displayType": "singleLine"
    },
    {
      "key": "author",
      "label": "Author",
      "elementType": "text",
      "displayType": "singleLine"
    },
    {
      "key": "body",
      "label": "Body",
      "elementType": "text",
      "displayType": "multiLine",
      "displayWidth": 100,
      "displayHeight": 10
    },
    {
      "key": "image",
      "label": "Image",
      "elementType": "image",
      "acceptType": [
        "jpg",
        "jpeg",
        "png",
        "gif"
      ],
      "imageProfileId": "bd89571a-edc0-4f8b-b90a-ada4c8436a39"
    },
    {
      "key": "category",
      "label": "Category",
      "elementType": "category",
      "restrictedParents": [
        "59f05dd9116cf0ee47c23903bd563ea7"
      ]
    }
  ]
}