{
  "id": "24490027-e55b-4739-a5a9-5c091c5d4a72",
  "rev": "4-9296b2c5990f24081c400b85ea4ce78b",
  "name": "Article",
  "classification": "content-type",
  "description": "",
  "creator": "Laura Pomerleau",
  "creatorId": "f90132cb-afee-4c81-bb89-68ee29341f73",
  "created": "2016-11-16T15:33:44.285Z",
  "lastModifier": "Laura Pomerleau",
  "lastModifierId": "f90132cb-afee-4c81-bb89-68ee29341f73",
  "lastModified": "2016-12-09T17:17:45.267Z",
  "status": "ready",
  "tags": [],
  "schema": {
    "$schema": "http://json-schema.org/draft-04/schema#",
    "additionalProperties": false,
    "properties": {
      "title": {
        "title": "Title",
        "type": "object",
        "properties": {
          "elementType": {
            "enum": [
              "text"
            ],
            "default": "text"
          },
          "value": {
            "title": "Text",
            "type": "string"
          }
        },
        "required": [
          "elementType"
        ],
        "additionalProperties": false
      },
      "summary": {
        "title": "Summary",
        "type": "object",
        "properties": {
          "elementType": {
            "enum": [
              "text"
            ],
            "default": "text"
          },
          "value": {
            "title": "Text",
            "type": "string"
          }
        },
        "required": [
          "elementType"
        ],
        "additionalProperties": false
      },
      "author": {
        "title": "Author",
        "type": "object",
        "properties": {
          "elementType": {
            "enum": [
              "text"
            ],
            "default": "text"
          },
          "value": {
            "title": "Text",
            "type": "string"
          }
        },
        "required": [
          "elementType"
        ],
        "additionalProperties": false
      },
      "body": {
        "title": "Body",
        "type": "object",
        "properties": {
          "elementType": {
            "enum": [
              "text"
            ],
            "default": "text"
          },
          "value": {
            "title": "Text",
            "type": "string"
          }
        },
        "required": [
          "elementType"
        ],
        "additionalProperties": false
      },
      "image": {
        "title": "Image",
        "type": "object",
        "properties": {
          "elementType": {
            "enum": [
              "image"
            ],
            "default": "image"
          },
          "asset": {
            "title": "Asset Resource",
            "type": "object",
            "properties": {
              "id": {
                "title": "Asset Id",
                "type": "string"
              },
              "acceptType": [
                "jpg",
                "jpeg",
                "png",
                "gif"
              ]
            }
          },
          "imageProfileId": "bd89571a-edc0-4f8b-b90a-ada4c8436a39"
        },
        "required": [
          "elementType"
        ],
        "additionalProperties": false,
        "dependencies": {
          "asset": [
            "renditions"
          ],
          "renditions": [
            "asset"
          ]
        }
      },
      "publishDate": {
        "title": "Publish Date",
        "type": "object",
        "properties": {
          "elementType": {
            "enum": [
              "datetime"
            ],
            "default": "datetime"
          },
          "value": {
            "title": "Date Time",
            "type": "string",
            "format": "date-time"
          }
        },
        "required": [
          "elementType"
        ],
        "additionalProperties": false
      },
      "category": {
        "title": "Category",
        "type": "object",
        "properties": {
          "elementType": {
            "enum": [
              "category"
            ],
            "default": "category"
          },
          "categoryIds": {
            "title": "categories",
            "type": "array",
            "uniqueItems": true,
            "items": {
              "type": "string"
            },
            "restrictedParents": [
              "59f05dd9116cf0ee47c23903bd563ea7"
            ]
          }
        },
        "required": [
          "elementType"
        ],
        "additionalProperties": false
      }
    },
    "type": "object"
  },
  "form": [
    {
      "key": "title",
      "type": "dx-fieldset",
      "items": [
        {
          "key": "title.value",
          "type": "dx-text"
        }
      ]
    },
    {
      "key": "summary",
      "type": "dx-fieldset",
      "items": [
        {
          "key": "summary.value",
          "type": "dx-text"
        }
      ]
    },
    {
      "key": "author",
      "type": "dx-fieldset",
      "items": [
        {
          "key": "author.value",
          "type": "dx-text"
        }
      ]
    },
    {
      "key": "body",
      "type": "dx-fieldset",
      "items": [
        {
          "key": "body.value",
          "type": "dx-textarea",
          "cols": 100,
          "rows": 10
        }
      ]
    },
    {
      "key": "image",
      "type": "dx-image-upload"
    },
    {
      "key": "publishDate",
      "type": "dx-fieldset",
      "items": [
        {
          "key": "publishDate.value",
          "type": "dx-date-time",
          "fieldType": "date"
        }
      ]
    },
    {
      "key": "category",
      "type": "dx-fieldset",
      "items": [
        {
          "key": "category.categoryIds",
          "type": "dx-category"
        }
      ]
    }
  ]
}