{
  "mediaType": "image/jpeg",
  "name": "city.jpg",
  "path": "/dxdam/27/2779c11d-253c-4c36-8cef-7456d3e13f97/city.jpg",
  "digest": "/d/hfPPitVszRzdRZjibYg==",
  "assetType": "image",
  "lastModified": "2016-12-08T19:26:32.467Z",
  "description": "",
  "tags": {
    "values": [
      "classification:street",
      "classification:city"
    ],
    "declined": [],
    "analysis": "complete",
    "suggested": [
      "classification:street",
      "classification:city"
    ]
  },
  "categoryIds": [],
  "fileName": "city.jpg",
  "creatorId": "f90132cb-afee-4c81-bb89-68ee29341f73",
  "rev": "3-d93618c49901a37ad7ae3a9e15be5800",
  "id": "fc160ab7-9072-42a9-9214-5da381d6a1b5",
  "resource": "7e77289913726152d98ccfbeae984395",
  "fileSize": 226655,
  "lastModifierId": "f90132cb-afee-4c81-bb89-68ee29341f73",
  "renditions": {
    "default": {
      "id": "0e7f7c92-9bc6-4ce3-a163-245d6e435176",
      "source": "/authoring/v1/resources/7e77289913726152d98ccfbeae984395"
    }
  },
  "classification": "asset",
  "created": "2016-12-08T15:20:19.042Z"
}