{
  "mediaType": "image/jpeg",
  "name": "city.jpg",
  "path": "/dxdam/27/2779c11d-253c-4c36-8cef-7456d3e13f97/city.jpg",
  "digest": "/d/hfPPitVszRzdRZjibYg==",
  "assetType": "image",
  "lastModified": "2017-03-27T02:09:48.326Z",
  "description": "",
  "tags": {
    "values": [
      "classification:street",
      "classification:city",
      "classification:road",
      "classification:gray color"
    ],
    "declined": [],
    "analysis": "complete",
    "suggested": [
      "classification:street",
      "classification:road",
      "classification:gray color"
    ]
  },
  "altText": "",
  "categoryIds": [],
  "fileName": "city.jpg",
  "creatorId": "75969307-347d-4b20-a8e9-a95f7c42ef70",
  "rev": "2-375747fee8e7d14b2224cbfc212a6196",
  "cognitive": {
    "classifications": [
      "street",
      "road",
      "gray color"
    ],
    "faces": [],
    "status": "complete"
  },
  "id": "fc160ab7-9072-42a9-9214-5da381d6a1b5",
  "resource": "7e77289913726152d98ccfbeae984395",
  "fileSize": 226655,
  "lastModifierId": "75969307-347d-4b20-a8e9-a95f7c42ef70",
  "renditions": {
    "default": {
      "id": "0e7f7c92-9bc6-4ce3-a163-245d6e435176",
      "source": "/authoring/v1/resources/7e77289913726152d98ccfbeae984395"
    }
  },
  "metadata": {
    "width": 1200,
    "height": 750
  },
  "classification": "asset",
  "created": "2017-03-27T02:09:48.326Z"
}