{
  "mediaType": "image/jpeg",
  "name": "city.jpg",
  "path": "/dxdam/27/2779c11d-253c-4c36-8cef-7456d3e13f97/city.jpg",
  "digest": "/d/hfPPitVszRzdRZjibYg==",
  "usageRights": {
    "categories": []
  },
  "assetType": "image",
  "lastModified": "2017-06-16T19:36:11.758Z",
  "description": "",
  "tags": {
    "values": [
      "classification:street",
      "classification:city",
      "classification:road",
      "classification:gray color"
    ],
    "declined": [],
    "suggested": [
      "classification:street",
      "classification:road",
      "classification:gray color"
    ],
    "analysis": "complete"
  },
  "altText": "",
  "categoryIds": [],
  "fileName": "city.jpg",
  "creatorId": "7dae81a1-0f9a-4ca4-a8f5-811f641e6f8a",
  "rev": "7-e2bf05a6685b6dd943e9fab880ab499f",
  "cognitive": {
    "classifications": [
      "street",
      "road",
      "gray color"
    ],
    "faces": [],
    "colors": {
      "vibrant": "#bc7c3e",
      "muted": "#a27c4e",
      "darkVibrant": "#946146",
      "darkMuted": "#444444",
      "lightVibrant": "#d0a35d",
      "lightMuted": "#c49892"
    },
    "status": "complete"
  },
  "id": "fc160ab7-9072-42a9-9214-5da381d6a1b5",
  "resource": "7e77289913726152d98ccfbeae984395",
  "fileSize": 226655,
  "status": "ready",
  "lastModifierId": "7dae81a1-0f9a-4ca4-a8f5-811f641e6f8a",
  "renditions": {
    "default": {
      "id": "r=7e77289913726152d98ccfbeae984395&a=fc160ab7-9072-42a9-9214-5da381d6a1b5",
      "source": "/authoring/v1/resources/7e77289913726152d98ccfbeae984395"
    }
  },
  "metadata": {
    "width": 1200,
    "height": 750
  },
  "classification": "asset",
  "created": "2017-06-01T19:51:48.990Z",
  "creator": "Watson ContentHubTools",
  "lastModifier": "Watson ContentHubTools",
  "categories": [],
  "links": {
    "self": {
      "href": "/authoring/v1/assets/fc160ab7-9072-42a9-9214-5da381d6a1b5"
    },
    "media": {
      "href": "/authoring/v1/resources/7e77289913726152d98ccfbeae984395.jpg"
    },
    "thumbnail": {
      "href": "/authoring/v1/resources/7e77289913726152d98ccfbeae984395?fit=inside%7C220:145"
    }
  }
}