{
  "mediaType": "image/jpeg",
  "name": "fashion2.jpg",
  "path": "/dxdam/b5/b5480816-07d7-4081-9291-b7043c2d03e4/fashion2.jpg",
  "digest": "Vbon7noW/QdqhxafR9xj1w==",
  "usageRights": {
    "categories": []
  },
  "assetType": "image",
  "lastModified": "2017-06-16T19:36:10.180Z",
  "description": "",
  "tags": {
    "values": [
      "classification:person",
      "classification:sage green color",
      "classification:woman",
      "classification:mantilla (womens scarf)",
      "classification:scarf",
      "classification:female",
      "classification:dress",
      "classification:wedding",
      "classification:sundress",
      "classification:fabric",
      "classification:belly",
      "classification:net",
      "classification:convex shape",
      "classification:ivory color",
      "classification:signorina (woman)",
      "classification:gauze",
      "classification:garment",
      "user:IBM sample",
      "user:sample"
    ],
    "declined": [],
    "suggested": [
      "classification:gauze",
      "classification:net",
      "classification:fabric",
      "classification:mantilla (womens scarf)",
      "classification:scarf",
      "classification:garment",
      "classification:sundress",
      "classification:dress",
      "classification:belly",
      "classification:convex shape",
      "classification:signorina (woman)",
      "classification:woman",
      "classification:female",
      "classification:person",
      "classification:sage green color",
      "classification:ivory color"
    ],
    "analysis": "complete"
  },
  "altText": "",
  "categoryIds": [],
  "fileName": "fashion2.jpg",
  "creatorId": "7dae81a1-0f9a-4ca4-a8f5-811f641e6f8a",
  "rev": "7-509156d4c35d71911a2c790f660b7a00",
  "cognitive": {
    "classifications": [
      "gauze",
      "net",
      "fabric",
      "mantilla (womens scarf)",
      "scarf",
      "garment",
      "sundress",
      "dress",
      "belly",
      "convex shape",
      "signorina (woman)",
      "woman",
      "female",
      "person",
      "sage green color",
      "ivory color"
    ],
    "faces": [],
    "colors": {
      "vibrant": "#a4703c",
      "muted": "#ac8b70",
      "darkVibrant": "#6c541c",
      "darkMuted": "#4b452a",
      "lightVibrant": "#d4bc90",
      "lightMuted": "#c7b5a5"
    },
    "status": "complete"
  },
  "id": "de21de9d-d413-4702-85a9-abe65d6aa108",
  "resource": "06763fa56ceec4d5bcafb37b53dd8521",
  "fileSize": 118995,
  "status": "ready",
  "lastModifierId": "7dae81a1-0f9a-4ca4-a8f5-811f641e6f8a",
  "renditions": {
    "default": {
      "id": "r=06763fa56ceec4d5bcafb37b53dd8521&a=de21de9d-d413-4702-85a9-abe65d6aa108",
      "source": "/authoring/v1/resources/06763fa56ceec4d5bcafb37b53dd8521"
    }
  },
  "metadata": {
    "width": 1200,
    "height": 750
  },
  "classification": "asset",
  "created": "2017-06-01T19:52:08.395Z",
  "creator": "Watson ContentHubTools",
  "lastModifier": "Watson ContentHubTools",
  "categories": [],
  "links": {
    "self": {
      "href": "/authoring/v1/assets/de21de9d-d413-4702-85a9-abe65d6aa108"
    },
    "media": {
      "href": "/authoring/v1/resources/06763fa56ceec4d5bcafb37b53dd8521.jpg"
    },
    "thumbnail": {
      "href": "/authoring/v1/resources/06763fa56ceec4d5bcafb37b53dd8521?fit=inside%7C220:145"
    }
  }
}
