{
  "mediaType": "image/jpeg",
  "name": "fashion2.jpg",
  "path": "/dxdam/b5/b5480816-07d7-4081-9291-b7043c2d03e4/fashion2.jpg",
  "digest": "Vbon7noW/QdqhxafR9xj1w==",
  "assetType": "image",
  "lastModified": "2017-03-27T02:09:45.480Z",
  "description": "",
  "tags": {
    "values": [
      "classification:dress",
      "classification:woman",
      "classification:sundress",
      "classification:female",
      "classification:sage green color",
      "classification:convex shape",
      "classification:ivory color",
      "classification:wedding",
      "classification:fabric",
      "classification:mantilla (womens scarf)",
      "classification:belly",
      "classification:person",
      "classification:scarf",
      "classification:garment",
      "classification:gauze",
      "classification:signorina (woman)",
      "classification:net"
    ],
    "declined": [],
    "analysis": "complete",
    "suggested": [
      "classification:gauze",
      "classification:net",
      "classification:fabric",
      "classification:mantilla (womens scarf)",
      "classification:scarf",
      "classification:garment",
      "classification:sundress",
      "classification:dress",
      "classification:belly",
      "classification:convex shape",
      "classification:signorina (woman)",
      "classification:woman",
      "classification:female",
      "classification:person",
      "classification:sage green color",
      "classification:ivory color"
    ]
  },
  "altText": "",
  "categoryIds": [],
  "fileName": "fashion2.jpg",
  "creatorId": "75969307-347d-4b20-a8e9-a95f7c42ef70",
  "rev": "2-3ed5393dc97cadbe66a8d6f1aec6d111",
  "cognitive": {
    "classifications": [
      "gauze",
      "net",
      "fabric",
      "mantilla (womens scarf)",
      "scarf",
      "garment",
      "sundress",
      "dress",
      "belly",
      "convex shape",
      "signorina (woman)",
      "woman",
      "female",
      "person",
      "sage green color",
      "ivory color"
    ],
    "faces": [],
    "status": "complete"
  },
  "id": "de21de9d-d413-4702-85a9-abe65d6aa108",
  "resource": "06763fa56ceec4d5bcafb37b53dd8521",
  "fileSize": 118995,
  "lastModifierId": "75969307-347d-4b20-a8e9-a95f7c42ef70",
  "renditions": {
    "default": {
      "id": "2baac36c-e916-42c5-a30e-dc9fa949254c",
      "source": "/authoring/v1/resources/06763fa56ceec4d5bcafb37b53dd8521"
    }
  },
  "metadata": {
    "width": 1200,
    "height": 750
  },
  "classification": "asset",
  "created": "2017-03-27T02:09:45.480Z"
}