{
  "mediaType": "image/jpeg",
  "name": "fashion2.jpg",
  "path": "/dxdam/b5/b5480816-07d7-4081-9291-b7043c2d03e4/fashion2.jpg",
  "digest": "Vbon7noW/QdqhxafR9xj1w==",
  "assetType": "image",
  "lastModified": "2016-12-08T19:26:32.320Z",
  "description": "",
  "tags": {
    "values": [
      "classification:wedding"
    ],
    "declined": [],
    "analysis": "complete",
    "suggested": [
      "classification:wedding"
    ]
  },
  "categoryIds": [],
  "fileName": "fashion2.jpg",
  "creatorId": "f90132cb-afee-4c81-bb89-68ee29341f73",
  "rev": "3-d9eb64155a05de05f87327be1011c093",
  "id": "de21de9d-d413-4702-85a9-abe65d6aa108",
  "resource": "06763fa56ceec4d5bcafb37b53dd8521",
  "fileSize": 118995,
  "lastModifierId": "f90132cb-afee-4c81-bb89-68ee29341f73",
  "renditions": {
    "default": {
      "id": "2baac36c-e916-42c5-a30e-dc9fa949254c",
      "source": "/authoring/v1/resources/06763fa56ceec4d5bcafb37b53dd8521"
    }
  },
  "classification": "asset",
  "created": "2016-12-08T15:24:42.269Z"
}