{
  "mediaType": "image/jpeg",
  "name": "tech2.jpg",
  "path": "/dxdam/7d/7d32267c-f597-4f0e-8dd4-134dc024badd/tech2.jpg",
  "digest": "ePEvkG1fFTVrzTTcbZLLxw==",
  "assetType": "image",
  "lastModified": "2017-03-27T02:09:47.642Z",
  "description": "",
  "tags": {
    "values": [
      "classification:black color",
      "classification:bicycle",
      "classification:machine",
      "classification:bicycle wheel",
      "classification:vehicle",
      "classification:device",
      "classification:cycling",
      "classification:wheel",
      "classification:push-bike"
    ],
    "declined": [],
    "analysis": "complete",
    "suggested": [
      "classification:bicycle",
      "classification:vehicle",
      "classification:bicycle wheel",
      "classification:wheel",
      "classification:machine",
      "classification:device",
      "classification:push-bike",
      "classification:black color"
    ]
  },
  "altText": "",
  "categoryIds": [],
  "fileName": "tech2.jpg",
  "creatorId": "75969307-347d-4b20-a8e9-a95f7c42ef70",
  "rev": "2-9a64000aabadfe2809f255dfb9894465",
  "cognitive": {
    "classifications": [
      "bicycle",
      "vehicle",
      "bicycle wheel",
      "wheel",
      "machine",
      "device",
      "push-bike",
      "black color"
    ],
    "faces": [],
    "status": "complete"
  },
  "id": "1afa57ef-e36e-4ee3-af74-1932282b76b9",
  "resource": "80f5c716ad9bd2142efe417175a46b0e",
  "fileSize": 145364,
  "lastModifierId": "75969307-347d-4b20-a8e9-a95f7c42ef70",
  "renditions": {
    "default": {
      "id": "18d00db1-596f-4dbb-91d3-f12373dbed44",
      "source": "/authoring/v1/resources/80f5c716ad9bd2142efe417175a46b0e"
    }
  },
  "metadata": {
    "width": 1200,
    "height": 750
  },
  "classification": "asset",
  "created": "2017-03-27T02:09:47.642Z"
}