{
  "mediaType": "image/jpeg",
  "name": "tech2.jpg",
  "path": "/dxdam/7d/7d32267c-f597-4f0e-8dd4-134dc024badd/tech2.jpg",
  "digest": "ePEvkG1fFTVrzTTcbZLLxw==",
  "assetType": "image",
  "lastModified": "2016-12-08T19:26:32.324Z",
  "description": "",
  "tags": {
    "values": [
      "classification:cycling"
    ],
    "declined": [],
    "analysis": "complete",
    "suggested": [
      "classification:cycling"
    ]
  },
  "categoryIds": [],
  "fileName": "tech2.jpg",
  "creatorId": "f90132cb-afee-4c81-bb89-68ee29341f73",
  "rev": "3-95b42692079cc59187b97da1762de791",
  "id": "1afa57ef-e36e-4ee3-af74-1932282b76b9",
  "resource": "80f5c716ad9bd2142efe417175a46b0e",
  "fileSize": 145364,
  "lastModifierId": "f90132cb-afee-4c81-bb89-68ee29341f73",
  "renditions": {
    "default": {
      "id": "18d00db1-596f-4dbb-91d3-f12373dbed44",
      "source": "/authoring/v1/resources/80f5c716ad9bd2142efe417175a46b0e"
    }
  },
  "classification": "asset",
  "created": "2016-12-08T15:20:53.234Z"
}