{
  "mediaType": "image/jpeg",
  "name": "tech2.jpg",
  "path": "/dxdam/7d/7d32267c-f597-4f0e-8dd4-134dc024badd/tech2.jpg",
  "digest": "ePEvkG1fFTVrzTTcbZLLxw==",
  "usageRights": {
    "categories": []
  },
  "assetType": "image",
  "lastModified": "2017-06-16T19:36:09.984Z",
  "description": "",
  "tags": {
    "values": [
      "classification:black color",
      "classification:wheel",
      "classification:push-bike",
      "classification:device",
      "classification:machine",
      "classification:cycling",
      "classification:bicycle",
      "classification:bicycle wheel",
      "classification:vehicle"
    ],
    "declined": [],
    "suggested": [
      "classification:bicycle",
      "classification:vehicle",
      "classification:bicycle wheel",
      "classification:wheel",
      "classification:machine",
      "classification:device",
      "classification:push-bike",
      "classification:black color"
    ],
    "analysis": "complete"
  },
  "altText": "",
  "categoryIds": [],
  "fileName": "tech2.jpg",
  "creatorId": "7dae81a1-0f9a-4ca4-a8f5-811f641e6f8a",
  "rev": "7-7cd3ef731803f8068553b155395c3599",
  "cognitive": {
    "classifications": [
      "bicycle",
      "vehicle",
      "bicycle wheel",
      "wheel",
      "machine",
      "device",
      "push-bike",
      "black color"
    ],
    "faces": [],
    "colors": {
      "vibrant": "#c49c4c",
      "muted": "#9c7452",
      "darkVibrant": "#4f340b",
      "darkMuted": "#523c2d",
      "lightVibrant": "#e4ac7c",
      "lightMuted": "#c2a799"
    },
    "status": "complete"
  },
  "id": "1afa57ef-e36e-4ee3-af74-1932282b76b9",
  "resource": "80f5c716ad9bd2142efe417175a46b0e",
  "fileSize": 145364,
  "status": "ready",
  "lastModifierId": "7dae81a1-0f9a-4ca4-a8f5-811f641e6f8a",
  "renditions": {
    "default": {
      "id": "r=80f5c716ad9bd2142efe417175a46b0e&a=1afa57ef-e36e-4ee3-af74-1932282b76b9",
      "source": "/authoring/v1/resources/80f5c716ad9bd2142efe417175a46b0e"
    }
  },
  "metadata": {
    "width": 1200,
    "height": 750
  },
  "classification": "asset",
  "created": "2017-06-01T19:51:58.209Z",
  "creator": "Watson ContentHubTools",
  "lastModifier": "Watson ContentHubTools",
  "categories": [],
  "links": {
    "self": {
      "href": "/authoring/v1/assets/1afa57ef-e36e-4ee3-af74-1932282b76b9"
    },
    "media": {
      "href": "/authoring/v1/resources/80f5c716ad9bd2142efe417175a46b0e.jpg"
    },
    "thumbnail": {
      "href": "/authoring/v1/resources/80f5c716ad9bd2142efe417175a46b0e?fit=inside%7C220:145"
    }
  }
}