{
  "mediaType": "image/jpeg",
  "name": "life4.jpg",
  "path": "/dxdam/8e/8eba10a3-c412-4b5b-b211-197277f28edc/life4.jpg",
  "digest": "jC/UfiNbFzLapCiJwEA4hg==",
  "assetType": "image",
  "lastModified": "2016-12-08T19:26:32.431Z",
  "description": "",
  "tags": {
    "values": [
      "classification:person"
    ],
    "declined": [],
    "analysis": "complete",
    "suggested": [
      "classification:person"
    ]
  },
  "categoryIds": [],
  "fileName": "life4.jpg",
  "creatorId": "f90132cb-afee-4c81-bb89-68ee29341f73",
  "rev": "3-5be75c081b493e9d39118fc4fc681e84",
  "id": "fce2f60c-7de3-4cce-bc98-42276eedda98",
  "resource": "80f5c716ad9bd2142efe417175a49e84",
  "fileSize": 166901,
  "lastModifierId": "f90132cb-afee-4c81-bb89-68ee29341f73",
  "renditions": {
    "default": {
      "id": "ff593179-44b4-497e-ab6c-9f4865c2ac81",
      "source": "/authoring/v1/resources/80f5c716ad9bd2142efe417175a49e84"
    }
  },
  "classification": "asset",
  "created": "2016-12-08T15:21:49.727Z"
}