{
  "mediaType": "image/jpeg",
  "name": "life4.jpg",
  "path": "/dxdam/8e/8eba10a3-c412-4b5b-b211-197277f28edc/life4.jpg",
  "digest": "jC/UfiNbFzLapCiJwEA4hg==",
  "assetType": "image",
  "lastModified": "2017-03-27T02:09:46.908Z",
  "description": "",
  "tags": {
    "values": [
      "classification:electronic device",
      "classification:child",
      "classification:bandage",
      "classification:medical dressing",
      "classification:splint",
      "classification:pink color",
      "classification:doll",
      "classification:Band Aid",
      "classification:newborn infant",
      "classification:person",
      "classification:6294tdevicet",
      "classification:device"
    ],
    "declined": [],
    "analysis": "complete",
    "suggested": [
      "classification:6294tdevicet",
      "classification:electronic device",
      "classification:device",
      "classification:splint",
      "classification:newborn infant",
      "classification:child",
      "classification:person",
      "classification:doll",
      "classification:Band Aid",
      "classification:bandage",
      "classification:medical dressing",
      "classification:pink color"
    ]
  },
  "altText": "",
  "categoryIds": [],
  "fileName": "life4.jpg",
  "creatorId": "75969307-347d-4b20-a8e9-a95f7c42ef70",
  "rev": "2-16d199a73fe9b83633470e1b5b313040",
  "cognitive": {
    "classifications": [
      "6294tdevicet",
      "electronic device",
      "device",
      "splint",
      "newborn infant",
      "child",
      "person",
      "doll",
      "Band Aid",
      "bandage",
      "medical dressing",
      "pink color"
    ],
    "faces": [],
    "status": "complete"
  },
  "id": "fce2f60c-7de3-4cce-bc98-42276eedda98",
  "resource": "80f5c716ad9bd2142efe417175a49e84",
  "fileSize": 166901,
  "lastModifierId": "75969307-347d-4b20-a8e9-a95f7c42ef70",
  "renditions": {
    "default": {
      "id": "ff593179-44b4-497e-ab6c-9f4865c2ac81",
      "source": "/authoring/v1/resources/80f5c716ad9bd2142efe417175a49e84"
    }
  },
  "metadata": {
    "width": 1200,
    "height": 750
  },
  "classification": "asset",
  "created": "2017-03-27T02:09:46.908Z"
}