{
  "mediaType": "image/jpeg",
  "name": "life4.jpg",
  "path": "/dxdam/8e/8eba10a3-c412-4b5b-b211-197277f28edc/life4.jpg",
  "digest": "jC/UfiNbFzLapCiJwEA4hg==",
  "usageRights": {
    "categories": []
  },
  "assetType": "image",
  "lastModified": "2017-06-16T19:36:10.593Z",
  "description": "",
  "tags": {
    "values": [
      "classification:person",
      "classification:child",
      "classification:bandage",
      "classification:pink color",
      "classification:Band Aid",
      "classification:doll",
      "classification:device",
      "classification:electronic device",
      "classification:splint",
      "classification:newborn infant",
      "classification:6294tdevicet",
      "classification:medical dressing",
      "classification:6294tdevice"
    ],
    "declined": [],
    "suggested": [
      "classification:6294tdevice",
      "classification:electronic device",
      "classification:device",
      "classification:splint",
      "classification:newborn infant",
      "classification:child",
      "classification:person",
      "classification:doll",
      "classification:Band Aid",
      "classification:bandage",
      "classification:medical dressing",
      "classification:pink color"
    ],
    "analysis": "complete"
  },
  "altText": "",
  "categoryIds": [],
  "fileName": "life4.jpg",
  "creatorId": "7dae81a1-0f9a-4ca4-a8f5-811f641e6f8a",
  "rev": "7-f19207b75712f3a55b87d8446b60cef2",
  "cognitive": {
    "classifications": [
      "6294tdevice",
      "electronic device",
      "device",
      "splint",
      "newborn infant",
      "child",
      "person",
      "doll",
      "Band Aid",
      "bandage",
      "medical dressing",
      "pink color"
    ],
    "faces": [],
    "colors": {
      "vibrant": "#b6694a",
      "muted": "#9a725c",
      "darkVibrant": "#844c3c",
      "darkMuted": "#5d4544",
      "lightVibrant": "#d1b89a",
      "lightMuted": "#e0d3bf"
    },
    "status": "complete"
  },
  "id": "fce2f60c-7de3-4cce-bc98-42276eedda98",
  "resource": "80f5c716ad9bd2142efe417175a49e84",
  "fileSize": 166901,
  "status": "ready",
  "lastModifierId": "7dae81a1-0f9a-4ca4-a8f5-811f641e6f8a",
  "renditions": {
    "default": {
      "id": "r=80f5c716ad9bd2142efe417175a49e84&a=fce2f60c-7de3-4cce-bc98-42276eedda98",
      "source": "/authoring/v1/resources/80f5c716ad9bd2142efe417175a49e84"
    }
  },
  "metadata": {
    "width": 1200,
    "height": 750
  },
  "classification": "asset",
  "created": "2017-06-01T19:51:58.447Z",
  "creator": "Watson ContentHubTools",
  "lastModifier": "Watson ContentHubTools",
  "categories": [],
  "links": {
    "self": {
      "href": "/authoring/v1/assets/fce2f60c-7de3-4cce-bc98-42276eedda98"
    },
    "media": {
      "href": "/authoring/v1/resources/80f5c716ad9bd2142efe417175a49e84.jpg"
    },
    "thumbnail": {
      "href": "/authoring/v1/resources/80f5c716ad9bd2142efe417175a49e84?fit=inside%7C220:145"
    }
  }
}