{
  "id": "bd89571a-edc0-4f8b-b90a-ada4c8436a39",
  "rev": "1-cea9d14ce17f65e22d4c20818cc7fc8a",
  "name": "Article",
  "classification": "image-profile",
  "creator": "Watson ContentHubTools",
  "creatorId": "75969307-347d-4b20-a8e9-a95f7c42ef70",
  "created": "2016-12-09T16:52:51.827Z",
  "lastModifier": "Watson ContentHubTools",
  "lastModifierId": "75969307-347d-4b20-a8e9-a95f7c42ef70",
  "lastModified": "2017-03-27T02:09:40.410Z",
  "dimensions": [
    {
      "label": "thumbnail",
      "key": "thumbnail",
      "width": 800,
      "height": 500
    }
  ]
}