{
  "id": "bd89571a-edc0-4f8b-b90a-ada4c8436a39",
  "rev": "3-837e65057e0a79de74353e97c96ecfd2",
  "name": "Article",
  "classification": "image-profile",
  "dimensions": [
    {
      "label": "thumbnail",
      "key": "thumbnail",
      "width": 800,
      "height": 500
    }
  ],
  "lastModifierId": "f90132cb-afee-4c81-bb89-68ee29341f73",
  "lastModified": "2016-12-09T16:57:06.795Z",
  "created": "2016-12-09T16:52:51.827Z",
  "creatorId": "f90132cb-afee-4c81-bb89-68ee29341f73",
  "creator": "Laura Pomerleau",
  "lastModifier": "Laura Pomerleau"
}