{
  "id": "bd89571a-edc0-4f8b-b90a-ada4c8436a39",
  "rev": "8-31219248ff2d534f812801e390d20f38",
  "name": "Sample Article",
  "classification": "image-profile",
  "creator": "Watson ContentHubTools",
  "creatorId": "7dae81a1-0f9a-4ca4-a8f5-811f641e6f8a",
  "created": "2016-12-09T16:52:51.827Z",
  "lastModifier": "Watson ContentHubTools",
  "lastModifierId": "7dae81a1-0f9a-4ca4-a8f5-811f641e6f8a",
  "lastModified": "2017-06-16T19:36:29.069Z",
  "dimensions": [
    {
      "label": "Sample Article Thumbnail",
      "key": "thumbnail",
      "width": 800,
      "height": 500
    }
  ]
}