{
  "mediaType": "image/jpeg",
  "name": "tech1.jpg",
  "path": "/dxdam/f2/f2eae26e-84de-4dc0-a8ee-8279ea95910b/tech1.jpg",
  "digest": "J0S+h4SEChOi03851I26Mg==",
  "assetType": "image",
  "lastModified": "2017-03-27T02:09:46.830Z",
  "description": "",
  "tags": {
    "values": [
      "classification:pale yellow color",
      "classification:woman",
      "classification:female",
      "classification:light brown color",
      "classification:young girl",
      "classification:model",
      "classification:girl",
      "classification:person",
      "classification:signorina (woman)"
    ],
    "declined": [],
    "analysis": "complete",
    "suggested": [
      "classification:young girl",
      "classification:girl",
      "classification:woman",
      "classification:female",
      "classification:person",
      "classification:signorina (woman)",
      "classification:model",
      "classification:light brown color",
      "classification:pale yellow color"
    ]
  },
  "altText": "",
  "categoryIds": [],
  "fileName": "tech1.jpg",
  "creatorId": "75969307-347d-4b20-a8e9-a95f7c42ef70",
  "rev": "2-badca00bd5e29ce212c31877ca9b6323",
  "cognitive": {
    "classifications": [
      "young girl",
      "girl",
      "woman",
      "female",
      "person",
      "signorina (woman)",
      "model",
      "light brown color",
      "pale yellow color"
    ],
    "faces": [],
    "status": "complete"
  },
  "id": "7d3a7c74-e925-4a2a-b1d4-216729ecd96f",
  "resource": "7e77289913726152d98ccfbeae985e30",
  "fileSize": 115943,
  "lastModifierId": "75969307-347d-4b20-a8e9-a95f7c42ef70",
  "renditions": {
    "default": {
      "id": "6e0fe97c-4763-4e66-bda4-04d26abbd566",
      "source": "/authoring/v1/resources/7e77289913726152d98ccfbeae985e30"
    }
  },
  "metadata": {
    "width": 1200,
    "height": 750
  },
  "classification": "asset",
  "created": "2017-03-27T02:09:46.830Z"
}