{
  "mediaType": "image/jpeg",
  "name": "tech1.jpg",
  "path": "/dxdam/f2/f2eae26e-84de-4dc0-a8ee-8279ea95910b/tech1.jpg",
  "digest": "J0S+h4SEChOi03851I26Mg==",
  "assetType": "image",
  "lastModified": "2016-12-08T19:26:32.321Z",
  "description": "",
  "tags": {
    "values": [
      "classification:person"
    ],
    "declined": [],
    "analysis": "complete",
    "suggested": [
      "classification:person"
    ]
  },
  "categoryIds": [],
  "fileName": "tech1.jpg",
  "creatorId": "f90132cb-afee-4c81-bb89-68ee29341f73",
  "rev": "3-26cb6d2d778375f30b1503f0d8557255",
  "id": "7d3a7c74-e925-4a2a-b1d4-216729ecd96f",
  "resource": "7e77289913726152d98ccfbeae985e30",
  "fileSize": 115943,
  "lastModifierId": "f90132cb-afee-4c81-bb89-68ee29341f73",
  "renditions": {
    "default": {
      "id": "6e0fe97c-4763-4e66-bda4-04d26abbd566",
      "source": "/authoring/v1/resources/7e77289913726152d98ccfbeae985e30"
    }
  },
  "classification": "asset",
  "created": "2016-12-08T15:21:15.466Z"
}