{
  "mediaType": "image/jpeg",
  "name": "tech1.jpg",
  "path": "/dxdam/f2/f2eae26e-84de-4dc0-a8ee-8279ea95910b/tech1.jpg",
  "digest": "J0S+h4SEChOi03851I26Mg==",
  "usageRights": {
    "categories": []
  },
  "assetType": "image",
  "lastModified": "2017-06-16T19:36:11.550Z",
  "description": "",
  "tags": {
    "values": [
      "classification:person",
      "classification:pale yellow color",
      "classification:woman",
      "classification:light brown color",
      "classification:model",
      "classification:female",
      "classification:girl",
      "classification:young girl",
      "classification:signorina (woman)"
    ],
    "declined": [],
    "suggested": [
      "classification:young girl",
      "classification:girl",
      "classification:woman",
      "classification:female",
      "classification:person",
      "classification:signorina (woman)",
      "classification:model",
      "classification:light brown color",
      "classification:pale yellow color"
    ],
    "analysis": "complete"
  },
  "altText": "",
  "categoryIds": [],
  "fileName": "tech1.jpg",
  "creatorId": "7dae81a1-0f9a-4ca4-a8f5-811f641e6f8a",
  "rev": "7-a4cc3b5f410a7d5e586124514500b5fd",
  "cognitive": {
    "classifications": [
      "young girl",
      "girl",
      "woman",
      "female",
      "person",
      "signorina (woman)",
      "model",
      "light brown color",
      "pale yellow color"
    ],
    "faces": [],
    "colors": {
      "vibrant": "#ecb271",
      "muted": "#936252",
      "darkVibrant": "#5c2c34",
      "darkMuted": "#66423d",
      "lightVibrant": "#fccc7c",
      "lightMuted": "#d6bea2"
    },
    "status": "complete"
  },
  "id": "7d3a7c74-e925-4a2a-b1d4-216729ecd96f",
  "resource": "7e77289913726152d98ccfbeae985e30",
  "fileSize": 115943,
  "status": "ready",
  "lastModifierId": "7dae81a1-0f9a-4ca4-a8f5-811f641e6f8a",
  "renditions": {
    "default": {
      "id": "r=7e77289913726152d98ccfbeae985e30&a=7d3a7c74-e925-4a2a-b1d4-216729ecd96f",
      "source": "/authoring/v1/resources/7e77289913726152d98ccfbeae985e30"
    }
  },
  "metadata": {
    "width": 1200,
    "height": 750
  },
  "classification": "asset",
  "created": "2017-06-01T19:52:00.704Z",
  "creator": "Watson ContentHubTools",
  "lastModifier": "Watson ContentHubTools",
  "categories": [],
  "links": {
    "self": {
      "href": "/authoring/v1/assets/7d3a7c74-e925-4a2a-b1d4-216729ecd96f"
    },
    "media": {
      "href": "/authoring/v1/resources/7e77289913726152d98ccfbeae985e30.jpg"
    },
    "thumbnail": {
      "href": "/authoring/v1/resources/7e77289913726152d98ccfbeae985e30?fit=inside%7C220:145"
    }
  }
}